google_secret_manager_secret.db_credentials: Refreshing state... [id=projects/mp-ver-e459135a/secrets/mp-bb2e033c7a50-db-credentials]
google_compute_global_address.api_ip: Refreshing state... [id=projects/mp-ver-e459135a/global/addresses/mp-bb2e033c7a50-api-lb-ip]
google_logging_project_bucket_config.relay: Refreshing state... [id=projects/mp-ver-e459135a/locations/us-central1/buckets/mp-bb2e033c7a50-relay-logs]
google_service_account.pubsub_invoker: Refreshing state... [id=projects/mp-ver-e459135a/serviceAccounts/mp-bb2e033c7a50-pubsub-push-sa@mp-ver-e459135a.iam.gserviceaccount.com]
google_logging_project_bucket_config.api: Refreshing state... [id=projects/mp-ver-e459135a/locations/us-central1/buckets/mp-bb2e033c7a50-api-logs]
google_service_account.client_admin: Refreshing state... [id=projects/mp-ver-e459135a/serviceAccounts/mp-bb2e033c7a50-client-admin@mp-ver-e459135a.iam.gserviceaccount.com]
google_compute_network.ingest: Refreshing state... [id=projects/mp-ver-e459135a/global/networks/mp-bb2e033c7a50-vpc]
google_monitoring_notification_channel.ops_email: Refreshing state... [id=projects/mp-ver-e459135a/notificationChannels/notificationChannel-92d204b4]
google_service_account.client_write: Refreshing state... [id=projects/mp-ver-e459135a/serviceAccounts/mp-bb2e033c7a50-client-write@mp-ver-e459135a.iam.gserviceaccount.com]
google_service_account.archiver: Refreshing state... [id=projects/mp-ver-e459135a/serviceAccounts/mp-bb2e033c7a50-archiver-sa@mp-ver-e459135a.iam.gserviceaccount.com]
google_service_account.processor: Refreshing state... [id=projects/mp-ver-e459135a/serviceAccounts/mp-bb2e033c7a50-processor-sa@mp-ver-e459135a.iam.gserviceaccount.com]
google_service_account.client_read: Refreshing state... [id=projects/mp-ver-e459135a/serviceAccounts/mp-bb2e033c7a50-client-read@mp-ver-e459135a.iam.gserviceaccount.com]
google_logging_project_bucket_config.processor: Refreshing state... [id=projects/mp-ver-e459135a/locations/us-central1/buckets/mp-bb2e033c7a50-processor-logs]
google_service_account.api: Refreshing state... [id=projects/mp-ver-e459135a/serviceAccounts/mp-bb2e033c7a50-api-sa@mp-ver-e459135a.iam.gserviceaccount.com]
google_kms_key_ring.mediapulse: Refreshing state... [id=projects/mp-ver-e459135a/locations/us-central1/keyRings/mp-bb2e033c7a50-keyring]
google_logging_project_bucket_config.archiver: Refreshing state... [id=projects/mp-ver-e459135a/locations/us-central1/buckets/mp-bb2e033c7a50-archiver-logs]
google_service_account.scheduler: Refreshing state... [id=projects/mp-ver-e459135a/serviceAccounts/mp-bb2e033c7a50-scheduler-sa@mp-ver-e459135a.iam.gserviceaccount.com]
google_service_account.relay: Refreshing state... [id=projects/mp-ver-e459135a/serviceAccounts/mp-bb2e033c7a50-relay-sa@mp-ver-e459135a.iam.gserviceaccount.com]
google_cloud_tasks_queue.projection_rebuild: Refreshing state... [id=projects/mp-ver-e459135a/locations/us-central1/queues/mp-bb2e033c7a50-projection-rebuild-q]
google_service_account_key.client_write: Refreshing state... [id=projects/mp-ver-e459135a/serviceAccounts/mp-bb2e033c7a50-client-write@mp-ver-e459135a.iam.gserviceaccount.com/keys/8616bd37d5e94529]
google_service_account_key.client_admin: Refreshing state... [id=projects/mp-ver-e459135a/serviceAccounts/mp-bb2e033c7a50-client-admin@mp-ver-e459135a.iam.gserviceaccount.com/keys/13bee8bce5044231]
google_kms_crypto_key.projection: Refreshing state... [id=projects/mp-ver-e459135a/locations/us-central1/keyRings/mp-bb2e033c7a50-keyring/cryptoKeys/mp-bb2e033c7a50-projection-cmek]
google_kms_crypto_key.database: Refreshing state... [id=projects/mp-ver-e459135a/locations/us-central1/keyRings/mp-bb2e033c7a50-keyring/cryptoKeys/mp-bb2e033c7a50-database-cmek]
google_kms_crypto_key.messaging: Refreshing state... [id=projects/mp-ver-e459135a/locations/us-central1/keyRings/mp-bb2e033c7a50-keyring/cryptoKeys/mp-bb2e033c7a50-messaging-cmek]
google_project_iam_member.api_cloudsql_client: Refreshing state... [id=mp-ver-e459135a/roles/cloudsql.client/serviceAccount:mp-bb2e033c7a50-api-sa@mp-ver-e459135a.iam.gserviceaccount.com]
google_kms_crypto_key.audit: Refreshing state... [id=projects/mp-ver-e459135a/locations/us-central1/keyRings/mp-bb2e033c7a50-keyring/cryptoKeys/mp-bb2e033c7a50-audit-cmek]
google_project_iam_member.archiver_cloudsql_client: Refreshing state... [id=mp-ver-e459135a/roles/cloudsql.client/serviceAccount:mp-bb2e033c7a50-archiver-sa@mp-ver-e459135a.iam.gserviceaccount.com]
google_project_iam_member.api_datastore_viewer: Refreshing state... [id=mp-ver-e459135a/roles/datastore.viewer/serviceAccount:mp-bb2e033c7a50-api-sa@mp-ver-e459135a.iam.gserviceaccount.com]
google_secret_manager_secret_iam_member.api_db_secret_accessor: Refreshing state... [id=projects/mp-ver-e459135a/secrets/mp-bb2e033c7a50-db-credentials/roles/secretmanager.secretAccessor/serviceAccount:mp-bb2e033c7a50-api-sa@mp-ver-e459135a.iam.gserviceaccount.com]
google_project_iam_member.relay_cloudsql_client: Refreshing state... [id=mp-ver-e459135a/roles/cloudsql.client/serviceAccount:mp-bb2e033c7a50-relay-sa@mp-ver-e459135a.iam.gserviceaccount.com]
google_service_account_key.client_read: Refreshing state... [id=projects/mp-ver-e459135a/serviceAccounts/mp-bb2e033c7a50-client-read@mp-ver-e459135a.iam.gserviceaccount.com/keys/289170b5510345dd]
google_firestore_database.projections: Refreshing state... [id=projects/mp-ver-e459135a/databases/mp-bb2e033c7a50-projections]
google_pubsub_topic.events: Refreshing state... [id=projects/mp-ver-e459135a/topics/mp-bb2e033c7a50-events]
google_pubsub_topic.dead_letters: Refreshing state... [id=projects/mp-ver-e459135a/topics/mp-bb2e033c7a50-events-dlq]
google_bigquery_dataset.audit_analytics: Refreshing state... [id=projects/mp-ver-e459135a/datasets/mp_bb2e033c7a50_audit_analytics]
google_storage_bucket.audit: Refreshing state... [id=mp-bb2e033c7a50-mp-ver-e459135a-audit]
google_firestore_index.media_cache: Refreshing state... [id=projects/mp-ver-e459135a/databases/mp-bb2e033c7a50-projections/collectionGroups/MediaCache/indexes/idx-68ef5e18]
google_pubsub_topic_iam_member.api_publish_events: Refreshing state... [id=projects/mp-ver-e459135a/topics/mp-bb2e033c7a50-events/roles/pubsub.publisher/serviceAccount:mp-bb2e033c7a50-api-sa@mp-ver-e459135a.iam.gserviceaccount.com]
google_pubsub_topic_iam_member.relay_publish_events: Refreshing state... [id=projects/mp-ver-e459135a/topics/mp-bb2e033c7a50-events/roles/pubsub.publisher/serviceAccount:mp-bb2e033c7a50-relay-sa@mp-ver-e459135a.iam.gserviceaccount.com]
google_pubsub_subscription.dead_letters: Refreshing state... [id=projects/mp-ver-e459135a/subscriptions/mp-bb2e033c7a50-events-dlq-sub]
google_bigquery_table.archived_events: Refreshing state... [id=projects/mp-ver-e459135a/datasets/mp_bb2e033c7a50_audit_analytics/tables/archived_events]
google_storage_bucket_iam_member.archiver_write_audit: Refreshing state... [id=b/mp-bb2e033c7a50-mp-ver-e459135a-audit/roles/storage.objectAdmin/serviceAccount:mp-bb2e033c7a50-archiver-sa@mp-ver-e459135a.iam.gserviceaccount.com]
google_identity_platform_tenant.mediapulse: Refreshing state... [id=projects/mp-ver-e459135a/tenants/tenant-581bb445]
google_compute_subnetwork.ingress: Refreshing state... [id=projects/mp-ver-e459135a/regions/us-central1/subnetworks/mp-bb2e033c7a50-subnet-ingress]
google_compute_firewall.deny_external_ingress: Refreshing state... [id=projects/mp-ver-e459135a/global/firewalls/mp-bb2e033c7a50-deny-external-ingress]
google_compute_firewall.allow_lb_to_api: Refreshing state... [id=projects/mp-ver-e459135a/global/firewalls/mp-bb2e033c7a50-allow-lb-to-api]
google_compute_subnetwork.private: Refreshing state... [id=projects/mp-ver-e459135a/regions/us-central1/subnetworks/mp-bb2e033c7a50-subnet-private]
google_sql_database_instance.events: Refreshing state... [id=mp-bb2e033c7a50-events-pg]
google_compute_firewall.allow_workloads_to_postgres: Refreshing state... [id=projects/mp-ver-e459135a/global/firewalls/mp-bb2e033c7a50-allow-workloads-pg]
google_sql_database.mediapulse: Refreshing state... [id=projects/mp-ver-e459135a/instances/mp-bb2e033c7a50-events-pg/databases/mp_008bc8]
google_sql_user.app: Refreshing state... [id=mp_user_b26e78/%/mp-bb2e033c7a50-events-pg]
google_secret_manager_secret_version.db_credentials_v1: Refreshing state... [id=projects/mp-ver-e459135a/secrets/mp-bb2e033c7a50-db-credentials/versions/1]
google_cloudfunctions2_function.relay: Refreshing state... [id=projects/mp-ver-e459135a/locations/us-central1/functions/mp-bb2e033c7a50-outbox-relay]
google_cloudfunctions2_function.archiver: Refreshing state... [id=projects/mp-ver-e459135a/locations/us-central1/functions/mp-bb2e033c7a50-audit-archiver]
google_project_iam_member.processor_datastore_user: Refreshing state... [id=mp-ver-e459135a/roles/datastore.user/serviceAccount:mp-bb2e033c7a50-processor-sa@mp-ver-e459135a.iam.gserviceaccount.com]
google_cloudfunctions2_function.processor: Refreshing state... [id=projects/mp-ver-e459135a/locations/us-central1/functions/mp-bb2e033c7a50-processor]
google_cloud_run_v2_service.api: Refreshing state... [id=projects/mp-ver-e459135a/locations/us-central1/services/mp-bb2e033c7a50-api]
google_cloud_scheduler_job.relay: Refreshing state... [id=projects/mp-ver-e459135a/locations/us-central1/jobs/mp-bb2e033c7a50-relay-schedule]
google_cloud_scheduler_job.archiver: Refreshing state... [id=projects/mp-ver-e459135a/locations/us-central1/jobs/mp-bb2e033c7a50-archiver-schedule]
google_pubsub_subscription.processor_push: Refreshing state... [id=projects/mp-ver-e459135a/subscriptions/mp-bb2e033c7a50-events-processor-sub]
google_pubsub_subscription_iam_member.processor_consume_events: Refreshing state... [id=projects/mp-ver-e459135a/subscriptions/mp-bb2e033c7a50-events-processor-sub/roles/pubsub.subscriber/serviceAccount:mp-bb2e033c7a50-processor-sa@mp-ver-e459135a.iam.gserviceaccount.com]
google_logging_project_sink.api: Refreshing state... [id=projects/mp-ver-e459135a/sinks/mp-bb2e033c7a50-api-sink]
google_compute_region_network_endpoint_group.api_serverless_neg: Refreshing state... [id=projects/mp-ver-e459135a/regions/us-central1/networkEndpointGroups/mp-bb2e033c7a50-api-neg]
google_compute_backend_service.api: Refreshing state... [id=projects/mp-ver-e459135a/global/backendServices/mp-bb2e033c7a50-api-backend]
google_compute_url_map.api: Refreshing state... [id=projects/mp-ver-e459135a/global/urlMaps/mp-bb2e033c7a50-api-urlmap]
google_compute_target_http_proxy.api: Refreshing state... [id=projects/mp-ver-e459135a/global/targetHttpProxies/mp-bb2e033c7a50-api-http-proxy]
google_compute_global_forwarding_rule.http: Refreshing state... [id=projects/mp-ver-e459135a/global/forwardingRules/mp-bb2e033c7a50-api-http-fwd]

Terraform used the selected providers to generate the following execution
plan. Resource actions are indicated with the following symbols:
  - destroy

Terraform will perform the following actions:

  # google_bigquery_dataset.audit_analytics will be destroyed
  - resource "google_bigquery_dataset" "audit_analytics" {
      - creation_time                   = 1790276282085 -> null
      - dataset_id                      = "mp_bb2e033c7a50_audit_analytics" -> null
      - default_partition_expiration_ms = 0 -> null
      - default_table_expiration_ms     = 0 -> null
      - delete_contents_on_destroy      = true -> null
      - deletion_policy                 = "DELETE" -> null
      - effective_labels                = {
          - "data_role"                  = "audit-analytics"
          - "deployment"                 = "mp-bb2e033c7a50"
          - "goog-terraform-provisioned" = "true"
          - "managed_by"                 = "terraform"
          - "mediapulse_deployment"      = "mp-bb2e033c7a50"
          - "project"                    = "mediapulse-ingest"
        } -> null
      - etag                            = "b04289c82abb" -> null
      - id                              = "projects/mp-ver-e459135a/datasets/mp_bb2e033c7a50_audit_analytics" -> null
      - is_case_insensitive             = false -> null
      - labels                          = {
          - "data_role"             = "audit-analytics"
          - "deployment"            = "mp-bb2e033c7a50"
          - "managed_by"            = "terraform"
          - "mediapulse_deployment" = "mp-bb2e033c7a50"
          - "project"               = "mediapulse-ingest"
        } -> null
      - last_modified_time              = 1790276375291 -> null
      - location                        = "us-central1" -> null
      - project                         = "mp-ver-e459135a" -> null
      - resource_tags                   = {} -> null
      - terraform_labels                = {
          - "data_role"                  = "audit-analytics"
          - "deployment"                 = "mp-bb2e033c7a50"
          - "goog-terraform-provisioned" = "true"
          - "managed_by"                 = "terraform"
          - "mediapulse_deployment"      = "mp-bb2e033c7a50"
          - "project"                    = "mediapulse-ingest"
        } -> null
        # (5 unchanged attributes hidden)
    }

  # google_bigquery_table.archived_events will be destroyed
  - resource "google_bigquery_table" "archived_events" {
      - creation_time                = 1790276282179 -> null
      - dataset_id                   = "mp_bb2e033c7a50_audit_analytics" -> null
      - deletion_policy              = "DELETE" -> null
      - deletion_protection          = false -> null
      - effective_labels             = {
          - "data_role"                  = "audit-analytics-table"
          - "deployment"                 = "mp-bb2e033c7a50"
          - "goog-terraform-provisioned" = "true"
          - "managed_by"                 = "terraform"
          - "mediapulse_deployment"      = "mp-bb2e033c7a50"
          - "project"                    = "mediapulse-ingest"
        } -> null
      - etag                         = "206fa84d9a1c" -> null
      - id                           = "projects/mp-ver-e459135a/datasets/mp_bb2e033c7a50_audit_analytics/tables/archived_events" -> null
      - ignore_auto_generated_schema = false -> null
      - labels                       = {
          - "data_role"             = "audit-analytics-table"
          - "deployment"            = "mp-bb2e033c7a50"
          - "managed_by"            = "terraform"
          - "mediapulse_deployment" = "mp-bb2e033c7a50"
          - "project"               = "mediapulse-ingest"
        } -> null
      - last_modified_time           = 1790276282179 -> null
      - project                      = "mp-ver-e459135a" -> null
      - resource_tags                = {} -> null
      - table_id                     = "archived_events" -> null
      - terraform_labels             = {
          - "data_role"                  = "audit-analytics-table"
          - "deployment"                 = "mp-bb2e033c7a50"
          - "goog-terraform-provisioned" = "true"
          - "managed_by"                 = "terraform"
          - "mediapulse_deployment"      = "mp-bb2e033c7a50"
          - "project"                    = "mediapulse-ingest"
        } -> null
      - type                         = "TABLE" -> null
        # (5 unchanged attributes hidden)
    }

  # google_cloud_run_v2_service.api will be destroyed
  - resource "google_cloud_run_v2_service" "api" {
      - annotations             = {} -> null
      - conditions              = [
          - {
              - last_transition_time = "2026-09-24T18:58:15.967031386Z"
              - state                = "CONDITION_SUCCEEDED"
              - type                 = "Ready"
                # (5 unchanged attributes hidden)
            },
        ] -> null
      - create_time             = "2026-09-24T18:58:15.967031386Z" -> null
      - custom_audiences        = [] -> null
      - default_uri_disabled    = false -> null
      - deletion_policy         = "DELETE" -> null
      - deletion_protection     = false -> null
      - effective_annotations   = {} -> null
      - effective_labels        = {
          - "component"                  = "api"
          - "deployment"                 = "mp-bb2e033c7a50"
          - "goog-terraform-provisioned" = "true"
          - "managed_by"                 = "terraform"
          - "mediapulse_deployment"      = "mp-bb2e033c7a50"
          - "project"                    = "mediapulse-ingest"
        } -> null
      - etag                    = "95401c9b-1130-4bec-a591-283447830753" -> null
      - generation              = "1" -> null
      - iap_enabled             = false -> null
      - id                      = "projects/mp-ver-e459135a/locations/us-central1/services/mp-bb2e033c7a50-api" -> null
      - ingress                 = "INGRESS_TRAFFIC_ALL" -> null
      - invoker_iam_disabled    = false -> null
      - labels                  = {
          - "component"             = "api"
          - "deployment"            = "mp-bb2e033c7a50"
          - "managed_by"            = "terraform"
          - "mediapulse_deployment" = "mp-bb2e033c7a50"
          - "project"               = "mediapulse-ingest"
        } -> null
      - latest_created_revision = "projects/mp-ver-e459135a/locations/us-central1/services/mp-bb2e033c7a50-api/revisions/mp-bb2e033c7a50-api-00001" -> null
      - latest_ready_revision   = "projects/mp-ver-e459135a/locations/us-central1/services/mp-bb2e033c7a50-api/revisions/mp-bb2e033c7a50-api-00001" -> null
      - location                = "us-central1" -> null
      - name                    = "mp-bb2e033c7a50-api" -> null
      - observed_generation     = "1" -> null
      - project                 = "mp-ver-e459135a" -> null
      - reconciling             = false -> null
      - terminal_condition      = [
          - {
              - last_transition_time = "2026-09-24T18:58:15.967031386Z"
              - state                = "CONDITION_SUCCEEDED"
              - type                 = "Ready"
                # (5 unchanged attributes hidden)
            },
        ] -> null
      - terraform_labels        = {
          - "component"                  = "api"
          - "deployment"                 = "mp-bb2e033c7a50"
          - "goog-terraform-provisioned" = "true"
          - "managed_by"                 = "terraform"
          - "mediapulse_deployment"      = "mp-bb2e033c7a50"
          - "project"                    = "mediapulse-ingest"
        } -> null
      - traffic_statuses        = [
          - {
              - percent  = 100
              - revision = "projects/mp-ver-e459135a/locations/us-central1/services/mp-bb2e033c7a50-api/revisions/mp-bb2e033c7a50-api-00001"
              - type     = "TRAFFIC_TARGET_ALLOCATION_TYPE_LATEST"
              - uri      = "https://mp-bb2e033c7a50-api-6c7e60c6.a.run.app"
                # (1 unchanged attribute hidden)
            },
        ] -> null
      - uid                     = "c3881479-357f-4ef8-8d98-b4caf0eeb61a" -> null
      - update_time             = "2026-09-24T18:58:15.967031386Z" -> null
      - uri                     = "https://mp-bb2e033c7a50-api-6c7e60c6.a.run.app" -> null
      - urls                    = [
          - "https://mp-bb2e033c7a50-api-6c7e60c6.a.run.app",
        ] -> null
        # (8 unchanged attributes hidden)

      - template {
          - annotations                      = {} -> null
          - gpu_zonal_redundancy_disabled    = false -> null
          - health_check_disabled            = false -> null
          - labels                           = {} -> null
          - max_instance_request_concurrency = 0 -> null
          - service_account                  = "mp-bb2e033c7a50-api-sa@mp-ver-e459135a.iam.gserviceaccount.com" -> null
          - session_affinity                 = false -> null
            # (4 unchanged attributes hidden)

          - containers {
              - args             = [] -> null
              - build_info       = [] -> null
              - command          = [] -> null
              - depends_on       = [] -> null
              - image            = "mediapulse/api:1.0.0" -> null
              - name             = "api" -> null
              - sandbox_launcher = false -> null
                # (2 unchanged attributes hidden)

              - env {
                  - name  = "AUTH_AUDIENCES" -> null
                  - value = "100000000000000006,100000000000000005,100000000000000003" -> null
                }
              - env {
                  - name  = "AUTH_ISSUER" -> null
                  - value = "http://gcp:4588/identitytoolkit.googleapis.com/v1/projects/mp-ver-e459135a" -> null
                }
              - env {
                  - name  = "AUTH_JWKS_URL" -> null
                  - value = "http://gcp:4588/robot/v1/metadata/jwk/securetoken@system.gserviceaccount.com" -> null
                }
              - env {
                  - name  = "BIND_ADDR" -> null
                  - value = "0.0.0.0:8080" -> null
                }
              - env {
                  - name  = "DATABASE_URL" -> null
                  - value = "postgresql://mp_user_b26e78:<redacted>@gcp:5432/mp_008bc8?sslmode=disable" -> null
                }
              - env {
                  - name  = "DATASTORE_EMULATOR_HOST" -> null
                  - value = "gcp:4588" -> null
                }
              - env {
                  - name  = "DATASTORE_NAMESPACE" -> null
                  - value = "mp-bb2e033c7a50-cache" -> null
                }
              - env {
                  - name  = "FIRESTORE_DATABASE" -> null
                  - value = "mp-bb2e033c7a50-projections" -> null
                }
              - env {
                  - name  = "FIRESTORE_EMULATOR_HOST" -> null
                  - value = "gcp:4588" -> null
                }
              - env {
                  - name  = "GCP_ENDPOINT_URL" -> null
                  - value = "http://gcp:4588" -> null
                }
              - env {
                  - name  = "GCP_PROJECT_ID" -> null
                  - value = "mp-ver-e459135a" -> null
                }
              - env {
                  - name  = "GCP_REGION" -> null
                  - value = "us-central1" -> null
                }
              - env {
                  - name  = "PUBSUB_EMULATOR_HOST" -> null
                  - value = "gcp:4588" -> null
                }
              - env {
                  - name  = "PUBSUB_TOPIC" -> null
                  - value = "mp-bb2e033c7a50-events" -> null
                }
              - env {
                  - name  = "RUST_LOG" -> null
                  - value = "info" -> null
                }
              - env {
                  - name  = "STORAGE_EMULATOR_HOST" -> null
                  - value = "http://gcp:4588" -> null
                }

              - liveness_probe {
                  - failure_threshold     = 3 -> null
                  - initial_delay_seconds = 0 -> null
                  - period_seconds        = 10 -> null
                  - timeout_seconds       = 3 -> null

                  - http_get {
                      - path = "/health/ready" -> null
                      - port = 8080 -> null
                    }
                }

              - ports {
                  - container_port = 8080 -> null
                  - name           = "http1" -> null
                }

              - startup_probe {
                  - failure_threshold     = 6 -> null
                  - initial_delay_seconds = 2 -> null
                  - period_seconds        = 5 -> null
                  - timeout_seconds       = 3 -> null

                  - http_get {
                      - path = "/health/ready" -> null
                      - port = 8080 -> null
                    }
                }
            }

          - scaling {
              - max_instance_count = 6 -> null
              - min_instance_count = 2 -> null
            }
        }

      - traffic {
          - percent  = 100 -> null
          - type     = "TRAFFIC_TARGET_ALLOCATION_TYPE_LATEST" -> null
            # (2 unchanged attributes hidden)
        }
    }

  # google_cloud_scheduler_job.archiver will be destroyed
  - resource "google_cloud_scheduler_job" "archiver" {
      - attempt_deadline = "60s" -> null
      - deletion_policy  = "DELETE" -> null
      - description      = "Triggers Audit Archiver function every 5 minutes to export published events to GCS" -> null
      - id               = "projects/mp-ver-e459135a/locations/us-central1/jobs/mp-bb2e033c7a50-archiver-schedule" -> null
      - name             = "mp-bb2e033c7a50-archiver-schedule" -> null
      - paused           = false -> null
      - project          = "mp-ver-e459135a" -> null
      - region           = "us-central1" -> null
      - schedule         = "*/5 * * * *" -> null
      - state            = "ENABLED" -> null
      - time_zone        = "Etc/UTC" -> null

      - http_target {
          - body        = "eyJhY3Rpb24iOiJhcmNoaXZlX2V2ZW50cyIsInNvdXJjZSI6ImNsb3VkLnNjaGVkdWxlciJ9" -> null
          - headers     = {
              - "Content-Type" = "application/json"
            } -> null
          - http_method = "POST" -> null
          - uri         = "https://us-central1-mp-ver-e459135a.cloudfunctions.net/mp-bb2e033c7a50-audit-archiver" -> null
        }

      - retry_config {
          - max_backoff_duration = "30s" -> null
          - max_doublings        = 0 -> null
          - max_retry_duration   = "0s" -> null
          - min_backoff_duration = "5s" -> null
          - retry_count          = 2 -> null
        }
    }

  # google_cloud_scheduler_job.relay will be destroyed
  - resource "google_cloud_scheduler_job" "relay" {
      - attempt_deadline = "30s" -> null
      - deletion_policy  = "DELETE" -> null
      - description      = "Triggers Outbox Relay function every minute to flush unpublished PostgreSQL outbox events" -> null
      - id               = "projects/mp-ver-e459135a/locations/us-central1/jobs/mp-bb2e033c7a50-relay-schedule" -> null
      - name             = "mp-bb2e033c7a50-relay-schedule" -> null
      - paused           = false -> null
      - project          = "mp-ver-e459135a" -> null
      - region           = "us-central1" -> null
      - schedule         = "* * * * *" -> null
      - state            = "ENABLED" -> null
      - time_zone        = "Etc/UTC" -> null

      - http_target {
          - body        = "eyJhY3Rpb24iOiJmbHVzaF9vdXRib3giLCJzb3VyY2UiOiJjbG91ZC5zY2hlZHVsZXIifQ==" -> null
          - headers     = {
              - "Content-Type" = "application/json"
            } -> null
          - http_method = "POST" -> null
          - uri         = "https://us-central1-mp-ver-e459135a.cloudfunctions.net/mp-bb2e033c7a50-outbox-relay" -> null
        }

      - retry_config {
          - max_backoff_duration = "15s" -> null
          - max_doublings        = 0 -> null
          - max_retry_duration   = "0s" -> null
          - min_backoff_duration = "2s" -> null
          - retry_count          = 2 -> null
        }
    }

  # google_cloud_tasks_queue.projection_rebuild will be destroyed
  - resource "google_cloud_tasks_queue" "projection_rebuild" {
      - deletion_policy = "DELETE" -> null
      - desired_state   = "RUNNING" -> null
      - id              = "projects/mp-ver-e459135a/locations/us-central1/queues/mp-bb2e033c7a50-projection-rebuild-q" -> null
      - location        = "us-central1" -> null
      - name            = "mp-bb2e033c7a50-projection-rebuild-q" -> null
      - project         = "mp-ver-e459135a" -> null
      - state           = "RUNNING" -> null

      - rate_limits {
          - max_burst_size            = 0 -> null
          - max_concurrent_dispatches = 10 -> null
          - max_dispatches_per_second = 25 -> null
        }

      - retry_config {
          - max_attempts       = 5 -> null
          - max_backoff        = "15s" -> null
          - max_doublings      = 0 -> null
          - min_backoff        = "1s" -> null
            # (1 unchanged attribute hidden)
        }
    }

  # google_cloudfunctions2_function.archiver will be destroyed
  - resource "google_cloudfunctions2_function" "archiver" {
      - deletion_policy  = "DELETE" -> null
      - description      = "Exports published PostgreSQL media events into private GCS NDJSON audit batches" -> null
      - effective_labels = {
          - "component"                  = "audit-archiver"
          - "deployment"                 = "mp-bb2e033c7a50"
          - "goog-terraform-provisioned" = "true"
          - "managed_by"                 = "terraform"
          - "mediapulse_deployment"      = "mp-bb2e033c7a50"
          - "project"                    = "mediapulse-ingest"
        } -> null
      - environment      = "GEN_2" -> null
      - id               = "projects/mp-ver-e459135a/locations/us-central1/functions/mp-bb2e033c7a50-audit-archiver" -> null
      - labels           = {
          - "component"             = "audit-archiver"
          - "deployment"            = "mp-bb2e033c7a50"
          - "managed_by"            = "terraform"
          - "mediapulse_deployment" = "mp-bb2e033c7a50"
          - "project"               = "mediapulse-ingest"
        } -> null
      - location         = "us-central1" -> null
      - name             = "mp-bb2e033c7a50-audit-archiver" -> null
      - project          = "mp-ver-e459135a" -> null
      - state            = "ACTIVE" -> null
      - terraform_labels = {
          - "component"                  = "audit-archiver"
          - "deployment"                 = "mp-bb2e033c7a50"
          - "goog-terraform-provisioned" = "true"
          - "managed_by"                 = "terraform"
          - "mediapulse_deployment"      = "mp-bb2e033c7a50"
          - "project"                    = "mediapulse-ingest"
        } -> null
      - update_time      = "2026-09-24T18:58:12.088188509Z" -> null
      - url              = "https://us-central1-mp-ver-e459135a.cloudfunctions.net/mp-bb2e033c7a50-audit-archiver" -> null
        # (1 unchanged attribute hidden)

      - service_config {
          - all_traffic_on_latest_revision   = true -> null
          - available_memory                 = "512Mi" -> null
          - environment_variables            = {
              - "AUDIT_BUCKET"          = "mp-bb2e033c7a50-mp-ver-e459135a-audit"
              - "AUDIT_PREFIX"          = "events/"
              - "BATCH_LIMIT"           = "100"
              - "CONTAINER_IMAGE"       = "mediapulse/archiver:1.0.0"
              - "DATABASE_URL"          = "postgresql://mp_user_b26e78:<redacted>@gcp:5432/mp_008bc8?sslmode=disable"
              - "GCP_ENDPOINT_URL"      = "http://gcp:4588"
              - "GCP_PROJECT_ID"        = "mp-ver-e459135a"
              - "GCP_REGION"            = "us-central1"
              - "RUST_LOG"              = "info"
              - "STORAGE_EMULATOR_HOST" = "http://gcp:4588"
              - "WORKER_ROLE"           = "archiver"
            } -> null
          - ingress_settings                 = "ALLOW_INTERNAL_ONLY" -> null
          - max_instance_count               = 2 -> null
          - max_instance_request_concurrency = 0 -> null
          - min_instance_count               = 0 -> null
          - service                          = "projects/mp-ver-e459135a/locations/us-central1/services/mp-bb2e033c7a50-audit-archiver" -> null
          - service_account_email            = "mp-bb2e033c7a50-archiver-sa@mp-ver-e459135a.iam.gserviceaccount.com" -> null
          - timeout_seconds                  = 60 -> null
          - uri                              = "https://us-central1-mp-ver-e459135a.cloudfunctions.net/mp-bb2e033c7a50-audit-archiver" -> null
            # (6 unchanged attributes hidden)
        }
    }

  # google_cloudfunctions2_function.processor will be destroyed
  - resource "google_cloudfunctions2_function" "processor" {
      - deletion_policy  = "DELETE" -> null
      - description      = "Projects Pub/Sub media events into Firestore and invalidates Datastore entity cache" -> null
      - effective_labels = {
          - "component"                  = "processor"
          - "deployment"                 = "mp-bb2e033c7a50"
          - "goog-terraform-provisioned" = "true"
          - "managed_by"                 = "terraform"
          - "mediapulse_deployment"      = "mp-bb2e033c7a50"
          - "project"                    = "mediapulse-ingest"
        } -> null
      - environment      = "GEN_2" -> null
      - id               = "projects/mp-ver-e459135a/locations/us-central1/functions/mp-bb2e033c7a50-processor" -> null
      - labels           = {
          - "component"             = "processor"
          - "deployment"            = "mp-bb2e033c7a50"
          - "managed_by"            = "terraform"
          - "mediapulse_deployment" = "mp-bb2e033c7a50"
          - "project"               = "mediapulse-ingest"
        } -> null
      - location         = "us-central1" -> null
      - name             = "mp-bb2e033c7a50-processor" -> null
      - project          = "mp-ver-e459135a" -> null
      - state            = "ACTIVE" -> null
      - terraform_labels = {
          - "component"                  = "processor"
          - "deployment"                 = "mp-bb2e033c7a50"
          - "goog-terraform-provisioned" = "true"
          - "managed_by"                 = "terraform"
          - "mediapulse_deployment"      = "mp-bb2e033c7a50"
          - "project"                    = "mediapulse-ingest"
        } -> null
      - update_time      = "2026-09-24T18:58:16.078571886Z" -> null
      - url              = "https://us-central1-mp-ver-e459135a.cloudfunctions.net/mp-bb2e033c7a50-processor" -> null
        # (1 unchanged attribute hidden)

      - service_config {
          - all_traffic_on_latest_revision   = true -> null
          - available_memory                 = "512Mi" -> null
          - environment_variables            = {
              - "CONTAINER_IMAGE"         = "mediapulse/projector:1.0.0"
              - "DATASTORE_EMULATOR_HOST" = "gcp:4588"
              - "DATASTORE_NAMESPACE"     = "mp-bb2e033c7a50-cache"
              - "FIRESTORE_DATABASE"      = "mp-bb2e033c7a50-projections"
              - "FIRESTORE_EMULATOR_HOST" = "gcp:4588"
              - "GCP_ENDPOINT_URL"        = "http://gcp:4588"
              - "GCP_PROJECT_ID"          = "mp-ver-e459135a"
              - "GCP_REGION"              = "us-central1"
              - "PUBSUB_EMULATOR_HOST"    = "gcp:4588"
              - "RUST_LOG"                = "info"
              - "WORKER_ROLE"             = "processor"
            } -> null
          - ingress_settings                 = "ALLOW_INTERNAL_ONLY" -> null
          - max_instance_count               = 4 -> null
          - max_instance_request_concurrency = 0 -> null
          - min_instance_count               = 1 -> null
          - service                          = "projects/mp-ver-e459135a/locations/us-central1/services/mp-bb2e033c7a50-processor" -> null
          - service_account_email            = "mp-bb2e033c7a50-processor-sa@mp-ver-e459135a.iam.gserviceaccount.com" -> null
          - timeout_seconds                  = 30 -> null
          - uri                              = "https://us-central1-mp-ver-e459135a.cloudfunctions.net/mp-bb2e033c7a50-processor" -> null
            # (6 unchanged attributes hidden)
        }
    }

  # google_cloudfunctions2_function.relay will be destroyed
  - resource "google_cloudfunctions2_function" "relay" {
      - deletion_policy  = "DELETE" -> null
      - description      = "Reconciles unpublished outbox rows from Cloud SQL PostgreSQL to Cloud Pub/Sub" -> null
      - effective_labels = {
          - "component"                  = "outbox-relay"
          - "deployment"                 = "mp-bb2e033c7a50"
          - "goog-terraform-provisioned" = "true"
          - "managed_by"                 = "terraform"
          - "mediapulse_deployment"      = "mp-bb2e033c7a50"
          - "project"                    = "mediapulse-ingest"
        } -> null
      - environment      = "GEN_2" -> null
      - id               = "projects/mp-ver-e459135a/locations/us-central1/functions/mp-bb2e033c7a50-outbox-relay" -> null
      - labels           = {
          - "component"             = "outbox-relay"
          - "deployment"            = "mp-bb2e033c7a50"
          - "managed_by"            = "terraform"
          - "mediapulse_deployment" = "mp-bb2e033c7a50"
          - "project"               = "mediapulse-ingest"
        } -> null
      - location         = "us-central1" -> null
      - name             = "mp-bb2e033c7a50-outbox-relay" -> null
      - project          = "mp-ver-e459135a" -> null
      - state            = "ACTIVE" -> null
      - terraform_labels = {
          - "component"                  = "outbox-relay"
          - "deployment"                 = "mp-bb2e033c7a50"
          - "goog-terraform-provisioned" = "true"
          - "managed_by"                 = "terraform"
          - "mediapulse_deployment"      = "mp-bb2e033c7a50"
          - "project"                    = "mediapulse-ingest"
        } -> null
      - update_time      = "2026-09-24T18:58:12.088060092Z" -> null
      - url              = "https://us-central1-mp-ver-e459135a.cloudfunctions.net/mp-bb2e033c7a50-outbox-relay" -> null
        # (1 unchanged attribute hidden)

      - service_config {
          - all_traffic_on_latest_revision   = true -> null
          - available_memory                 = "512Mi" -> null
          - environment_variables            = {
              - "BATCH_LIMIT"          = "50"
              - "CONTAINER_IMAGE"      = "mediapulse/relay:1.0.0"
              - "DATABASE_URL"         = "postgresql://mp_user_b26e78:<redacted>@gcp:5432/mp_008bc8?sslmode=disable"
              - "GCP_ENDPOINT_URL"     = "http://gcp:4588"
              - "GCP_PROJECT_ID"       = "mp-ver-e459135a"
              - "GCP_REGION"           = "us-central1"
              - "PUBSUB_EMULATOR_HOST" = "gcp:4588"
              - "PUBSUB_TOPIC"         = "mp-bb2e033c7a50-events"
              - "RUST_LOG"             = "info"
              - "WORKER_ROLE"          = "relay"
            } -> null
          - ingress_settings                 = "ALLOW_INTERNAL_ONLY" -> null
          - max_instance_count               = 2 -> null
          - max_instance_request_concurrency = 0 -> null
          - min_instance_count               = 0 -> null
          - service                          = "projects/mp-ver-e459135a/locations/us-central1/services/mp-bb2e033c7a50-outbox-relay" -> null
          - service_account_email            = "mp-bb2e033c7a50-relay-sa@mp-ver-e459135a.iam.gserviceaccount.com" -> null
          - timeout_seconds                  = 30 -> null
          - uri                              = "https://us-central1-mp-ver-e459135a.cloudfunctions.net/mp-bb2e033c7a50-outbox-relay" -> null
            # (6 unchanged attributes hidden)
        }
    }

  # google_compute_backend_service.api will be destroyed
  - resource "google_compute_backend_service" "api" {
      - affinity_cookie_ttl_sec                       = 0 -> null
      - connection_draining_timeout_sec               = 300 -> null
      - creation_timestamp                            = "2026-09-24T18:58:17Z" -> null
      - custom_request_headers                        = [] -> null
      - custom_response_headers                       = [] -> null
      - deletion_policy                               = "DELETE" -> null
      - enable_cdn                                    = false -> null
      - external_managed_migration_testing_percentage = 0 -> null
      - fingerprint                                   = "42WmSpB8rSM=" -> null
      - generated_id                                  = 915562891330982112 -> null
      - health_checks                                 = [] -> null
      - id                                            = "projects/mp-ver-e459135a/global/backendServices/mp-bb2e033c7a50-api-backend" -> null
      - load_balancing_scheme                         = "EXTERNAL_MANAGED" -> null
      - name                                          = "mp-bb2e033c7a50-api-backend" -> null
      - port_name                                     = "http" -> null
      - project                                       = "mp-ver-e459135a" -> null
      - protocol                                      = "HTTP" -> null
      - self_link                                     = "https://www.googleapis.com/compute/v1/projects/mp-ver-e459135a/global/backendServices/mp-bb2e033c7a50-api-backend" -> null
      - timeout_sec                                   = 30 -> null
        # (9 unchanged attributes hidden)

      - backend {
          - balancing_mode               = "UTILIZATION" -> null
          - capacity_scaler              = 1 -> null
          - group                        = "projects/mp-ver-e459135a/regions/us-central1/networkEndpointGroups/mp-bb2e033c7a50-api-neg" -> null
          - max_connections              = 0 -> null
          - max_connections_per_endpoint = 0 -> null
          - max_connections_per_instance = 0 -> null
          - max_rate                     = 0 -> null
          - max_rate_per_endpoint        = 0 -> null
          - max_rate_per_instance        = 0 -> null
          - max_utilization              = 0 -> null
            # (2 unchanged attributes hidden)
        }
    }

  # google_compute_firewall.allow_lb_to_api will be destroyed
  - resource "google_compute_firewall" "allow_lb_to_api" {
      - creation_timestamp      = "2026-09-24T18:58:01Z" -> null
      - deletion_policy         = "DELETE" -> null
      - destination_ranges      = [] -> null
      - direction               = "INGRESS" -> null
      - disabled                = false -> null
      - id                      = "projects/mp-ver-e459135a/global/firewalls/mp-bb2e033c7a50-allow-lb-to-api" -> null
      - name                    = "mp-bb2e033c7a50-allow-lb-to-api" -> null
      - network                 = "projects/mp-ver-e459135a/global/networks/mp-bb2e033c7a50-vpc" -> null
      - priority                = 1000 -> null
      - project                 = "mp-ver-e459135a" -> null
      - self_link               = "https://www.googleapis.com/compute/v1/projects/mp-ver-e459135a/global/firewalls/mp-bb2e033c7a50-allow-lb-to-api" -> null
      - source_ranges           = [
          - "10.84.0.0/24",
          - "130.211.0.0/22",
          - "35.191.0.0/16",
        ] -> null
      - source_service_accounts = [] -> null
      - source_tags             = [] -> null
      - target_service_accounts = [] -> null
      - target_tags             = [
          - "mp-bb2e033c7a50-api",
        ] -> null
        # (1 unchanged attribute hidden)

      - allow {
          - ports    = [
              - "8080",
            ] -> null
          - protocol = "tcp" -> null
        }
    }

  # google_compute_firewall.allow_workloads_to_postgres will be destroyed
  - resource "google_compute_firewall" "allow_workloads_to_postgres" {
      - creation_timestamp      = "2026-09-24T18:58:01Z" -> null
      - deletion_policy         = "DELETE" -> null
      - destination_ranges      = [] -> null
      - direction               = "INGRESS" -> null
      - disabled                = false -> null
      - id                      = "projects/mp-ver-e459135a/global/firewalls/mp-bb2e033c7a50-allow-workloads-pg" -> null
      - name                    = "mp-bb2e033c7a50-allow-workloads-pg" -> null
      - network                 = "projects/mp-ver-e459135a/global/networks/mp-bb2e033c7a50-vpc" -> null
      - priority                = 1010 -> null
      - project                 = "mp-ver-e459135a" -> null
      - self_link               = "https://www.googleapis.com/compute/v1/projects/mp-ver-e459135a/global/firewalls/mp-bb2e033c7a50-allow-workloads-pg" -> null
      - source_ranges           = [
          - "10.84.10.0/24",
        ] -> null
      - source_service_accounts = [] -> null
      - source_tags             = [] -> null
      - target_service_accounts = [] -> null
      - target_tags             = [
          - "mp-bb2e033c7a50-database",
        ] -> null
        # (1 unchanged attribute hidden)

      - allow {
          - ports    = [
              - "5432",
            ] -> null
          - protocol = "tcp" -> null
        }
    }

  # google_compute_firewall.deny_external_ingress will be destroyed
  - resource "google_compute_firewall" "deny_external_ingress" {
      - creation_timestamp      = "2026-09-24T18:58:01Z" -> null
      - deletion_policy         = "DELETE" -> null
      - destination_ranges      = [] -> null
      - direction               = "INGRESS" -> null
      - disabled                = false -> null
      - id                      = "projects/mp-ver-e459135a/global/firewalls/mp-bb2e033c7a50-deny-external-ingress" -> null
      - name                    = "mp-bb2e033c7a50-deny-external-ingress" -> null
      - network                 = "projects/mp-ver-e459135a/global/networks/mp-bb2e033c7a50-vpc" -> null
      - priority                = 65500 -> null
      - project                 = "mp-ver-e459135a" -> null
      - self_link               = "https://www.googleapis.com/compute/v1/projects/mp-ver-e459135a/global/firewalls/mp-bb2e033c7a50-deny-external-ingress" -> null
      - source_ranges           = [
          - "0.0.0.0/0",
        ] -> null
      - source_service_accounts = [] -> null
      - source_tags             = [] -> null
      - target_service_accounts = [] -> null
      - target_tags             = [] -> null
        # (1 unchanged attribute hidden)

      - deny {
          - ports    = [] -> null
          - protocol = "all" -> null
        }
    }

  # google_compute_global_address.api_ip will be destroyed
  - resource "google_compute_global_address" "api_ip" {
      - address            = "gcp" -> null
      - address_type       = "EXTERNAL" -> null
      - creation_timestamp = "2026-09-24T18:58:00Z" -> null
      - deletion_policy    = "DELETE" -> null
      - effective_labels   = {
          - "deployment"                 = "mp-bb2e033c7a50"
          - "goog-terraform-provisioned" = "true"
          - "managed_by"                 = "terraform"
          - "mediapulse_deployment"      = "mp-bb2e033c7a50"
          - "project"                    = "mediapulse-ingest"
        } -> null
      - id                 = "projects/mp-ver-e459135a/global/addresses/mp-bb2e033c7a50-api-lb-ip" -> null
      - label_fingerprint  = "42WmSpB8rSM=" -> null
      - labels             = {} -> null
      - name               = "mp-bb2e033c7a50-api-lb-ip" -> null
      - prefix_length      = 0 -> null
      - project            = "mp-ver-e459135a" -> null
      - self_link          = "https://www.googleapis.com/compute/v1/projects/mp-ver-e459135a/global/addresses/mp-bb2e033c7a50-api-lb-ip" -> null
      - terraform_labels   = {
          - "deployment"                 = "mp-bb2e033c7a50"
          - "goog-terraform-provisioned" = "true"
          - "managed_by"                 = "terraform"
          - "mediapulse_deployment"      = "mp-bb2e033c7a50"
          - "project"                    = "mediapulse-ingest"
        } -> null
        # (4 unchanged attributes hidden)
    }

  # google_compute_global_forwarding_rule.http will be destroyed
  - resource "google_compute_global_forwarding_rule" "http" {
      - deletion_policy                                              = "DELETE" -> null
      - effective_labels                                             = {
          - "deployment"            = "mp-bb2e033c7a50"
          - "managed_by"            = "terraform"
          - "mediapulse_deployment" = "mp-bb2e033c7a50"
          - "project"               = "mediapulse-ingest"
        } -> null
      - external_managed_backend_bucket_migration_testing_percentage = 0 -> null
      - forwarding_rule_id                                           = 272229239933190748 -> null
      - id                                                           = "projects/mp-ver-e459135a/global/forwardingRules/mp-bb2e033c7a50-api-http-fwd" -> null
      - ip_address                                                   = "projects/mp-ver-e459135a/global/addresses/mp-bb2e033c7a50-api-lb-ip" -> null
      - ip_protocol                                                  = "TCP" -> null
      - label_fingerprint                                            = "42WmSpB8rSM=" -> null
      - labels                                                       = {} -> null
      - load_balancing_scheme                                        = "EXTERNAL_MANAGED" -> null
      - name                                                         = "mp-bb2e033c7a50-api-http-fwd" -> null
      - port_range                                                   = "80" -> null
      - project                                                      = "mp-ver-e459135a" -> null
      - self_link                                                    = "https://www.googleapis.com/compute/v1/projects/mp-ver-e459135a/global/forwardingRules/mp-bb2e033c7a50-api-http-fwd" -> null
      - source_ip_ranges                                             = [] -> null
      - target                                                       = "projects/mp-ver-e459135a/global/targetHttpProxies/mp-bb2e033c7a50-api-http-proxy" -> null
      - terraform_labels                                             = {
          - "deployment"            = "mp-bb2e033c7a50"
          - "managed_by"            = "terraform"
          - "mediapulse_deployment" = "mp-bb2e033c7a50"
          - "project"               = "mediapulse-ingest"
        } -> null
        # (9 unchanged attributes hidden)
    }

  # google_compute_network.ingest will be destroyed
  - resource "google_compute_network" "ingest" {
      - auto_create_subnetworks                   = false -> null
      - bgp_always_compare_med                    = false -> null
      - delete_bgp_always_compare_med             = false -> null
      - delete_default_routes_on_create           = false -> null
      - deletion_policy                           = "DELETE" -> null
      - enable_ula_internal_ipv6                  = false -> null
      - id                                        = "projects/mp-ver-e459135a/global/networks/mp-bb2e033c7a50-vpc" -> null
      - mtu                                       = 0 -> null
      - name                                      = "mp-bb2e033c7a50-vpc" -> null
      - network_firewall_policy_enforcement_order = "AFTER_CLASSIC_FIREWALL" -> null
      - network_id                                = "176910853188275371" -> null
      - numeric_id                                = "176910853188275371" -> null
      - project                                   = "mp-ver-e459135a" -> null
      - routing_mode                              = "REGIONAL" -> null
      - self_link                                 = "https://www.googleapis.com/compute/v1/projects/mp-ver-e459135a/global/networks/mp-bb2e033c7a50-vpc" -> null
        # (6 unchanged attributes hidden)
    }

  # google_compute_region_network_endpoint_group.api_serverless_neg will be destroyed
  - resource "google_compute_region_network_endpoint_group" "api_serverless_neg" {
      - deletion_policy       = "DELETE" -> null
      - id                    = "projects/mp-ver-e459135a/regions/us-central1/networkEndpointGroups/mp-bb2e033c7a50-api-neg" -> null
      - name                  = "mp-bb2e033c7a50-api-neg" -> null
      - network_endpoint_type = "SERVERLESS" -> null
      - project               = "mp-ver-e459135a" -> null
      - region                = "projects/mp-ver-e459135a/global/regions/us-central1" -> null
      - self_link             = "https://www.googleapis.com/compute/v1/projects/mp-ver-e459135a/regions/us-central1/networkEndpointGroups/mp-bb2e033c7a50-api-neg" -> null
        # (4 unchanged attributes hidden)

      - cloud_run {
          - service  = "mp-bb2e033c7a50-api" -> null
            # (2 unchanged attributes hidden)
        }
    }

  # google_compute_subnetwork.ingress will be destroyed
  - resource "google_compute_subnetwork" "ingress" {
      - allow_subnet_cidr_routes_overlap = false -> null
      - creation_timestamp               = "2026-09-24T18:58:01Z" -> null
      - deletion_policy                  = "DELETE" -> null
      - gateway_address                  = "10.84.0.1" -> null
      - id                               = "projects/mp-ver-e459135a/regions/us-central1/subnetworks/mp-bb2e033c7a50-subnet-ingress" -> null
      - ip_cidr_range                    = "10.84.0.0/24" -> null
      - name                             = "mp-bb2e033c7a50-subnet-ingress" -> null
      - network                          = "projects/mp-ver-e459135a/global/networks/mp-bb2e033c7a50-vpc" -> null
      - private_ip_google_access         = false -> null
      - project                          = "mp-ver-e459135a" -> null
      - region                           = "us-central1" -> null
      - self_link                        = "https://www.googleapis.com/compute/v1/projects/mp-ver-e459135a/regions/us-central1/subnetworks/mp-bb2e033c7a50-subnet-ingress" -> null
      - state                            = "READY" -> null
      - subnetwork_id                    = 488267242696985570 -> null
        # (13 unchanged attributes hidden)
    }

  # google_compute_subnetwork.private will be destroyed
  - resource "google_compute_subnetwork" "private" {
      - allow_subnet_cidr_routes_overlap = false -> null
      - creation_timestamp               = "2026-09-24T18:58:01Z" -> null
      - deletion_policy                  = "DELETE" -> null
      - gateway_address                  = "10.84.0.1" -> null
      - id                               = "projects/mp-ver-e459135a/regions/us-central1/subnetworks/mp-bb2e033c7a50-subnet-private" -> null
      - ip_cidr_range                    = "10.84.10.0/24" -> null
      - name                             = "mp-bb2e033c7a50-subnet-private" -> null
      - network                          = "projects/mp-ver-e459135a/global/networks/mp-bb2e033c7a50-vpc" -> null
      - private_ip_google_access         = true -> null
      - project                          = "mp-ver-e459135a" -> null
      - region                           = "us-central1" -> null
      - self_link                        = "https://www.googleapis.com/compute/v1/projects/mp-ver-e459135a/regions/us-central1/subnetworks/mp-bb2e033c7a50-subnet-private" -> null
      - state                            = "READY" -> null
      - subnetwork_id                    = 63640661132784638 -> null
        # (13 unchanged attributes hidden)
    }

  # google_compute_target_http_proxy.api will be destroyed
  - resource "google_compute_target_http_proxy" "api" {
      - creation_timestamp          = "2026-09-24T18:58:18Z" -> null
      - deletion_policy             = "DELETE" -> null
      - fingerprint                 = "42WmSpB8rSM=" -> null
      - http_keep_alive_timeout_sec = 0 -> null
      - id                          = "projects/mp-ver-e459135a/global/targetHttpProxies/mp-bb2e033c7a50-api-http-proxy" -> null
      - name                        = "mp-bb2e033c7a50-api-http-proxy" -> null
      - project                     = "mp-ver-e459135a" -> null
      - proxy_bind                  = false -> null
      - proxy_id                    = 725811671513071293 -> null
      - self_link                   = "https://www.googleapis.com/compute/v1/projects/mp-ver-e459135a/global/targetHttpProxies/mp-bb2e033c7a50-api-http-proxy" -> null
      - url_map                     = "projects/mp-ver-e459135a/global/urlMaps/mp-bb2e033c7a50-api-urlmap" -> null
        # (1 unchanged attribute hidden)
    }

  # google_compute_url_map.api will be destroyed
  - resource "google_compute_url_map" "api" {
      - creation_timestamp = "2026-09-24T18:58:18Z" -> null
      - default_service    = "http://gcp:4588/compute/v1/projects/mp-ver-e459135a/global/backendServices/mp-bb2e033c7a50-api-backend" -> null
      - deletion_policy    = "DELETE" -> null
      - fingerprint        = "42WmSpB8rSM=" -> null
      - id                 = "projects/mp-ver-e459135a/global/urlMaps/mp-bb2e033c7a50-api-urlmap" -> null
      - map_id             = 901397161061645579 -> null
      - name               = "mp-bb2e033c7a50-api-urlmap" -> null
      - project            = "mp-ver-e459135a" -> null
      - self_link          = "https://www.googleapis.com/compute/v1/projects/mp-ver-e459135a/global/urlMaps/mp-bb2e033c7a50-api-urlmap" -> null
        # (1 unchanged attribute hidden)
    }

  # google_firestore_database.projections will be destroyed
  - resource "google_firestore_database" "projections" {
      - concurrency_mode                    = "OPTIMISTIC" -> null
      - create_time                         = "2026-09-24T18:58:01Z" -> null
      - delete_protection_state             = "DELETE_PROTECTION_DISABLED" -> null
      - deletion_policy                     = "DELETE" -> null
      - etag                                = "etag-fs-1" -> null
      - id                                  = "projects/mp-ver-e459135a/databases/mp-bb2e033c7a50-projections" -> null
      - location_id                         = "us-central1" -> null
      - name                                = "mp-bb2e033c7a50-projections" -> null
      - point_in_time_recovery_enablement   = "POINT_IN_TIME_RECOVERY_ENABLED" -> null
      - project                             = "mp-ver-e459135a" -> null
      - type                                = "FIRESTORE_NATIVE" -> null
      - uid                                 = "00c902fd-b871-46e1-a819-7e6115cad82e" -> null
      - update_time                         = "2026-09-24T18:58:01Z" -> null
        # (8 unchanged attributes hidden)

      - cmek_config {
          - active_key_version = [] -> null
          - kms_key_name       = "projects/mp-ver-e459135a/locations/us-central1/keyRings/mp-bb2e033c7a50-keyring/cryptoKeys/mp-bb2e033c7a50-projection-cmek" -> null
        }
    }

  # google_firestore_index.media_cache will be destroyed
  - resource "google_firestore_index" "media_cache" {
      - api_scope       = "ANY_API" -> null
      - collection      = "MediaCache" -> null
      - database        = "mp-bb2e033c7a50-projections" -> null
      - deletion_policy = "DELETE" -> null
      - id              = "projects/mp-ver-e459135a/databases/mp-bb2e033c7a50-projections/collectionGroups/MediaCache/indexes/idx-68ef5e18" -> null
      - multikey        = false -> null
      - name            = "projects/mp-ver-e459135a/databases/mp-bb2e033c7a50-projections/collectionGroups/MediaCache/indexes/idx-68ef5e18" -> null
      - project         = "mp-ver-e459135a" -> null
      - query_scope     = "COLLECTION" -> null
      - skip_wait       = false -> null
      - unique          = false -> null
        # (1 unchanged attribute hidden)

      - fields {
          - field_path   = "media_id" -> null
          - order        = "ASCENDING" -> null
            # (1 unchanged attribute hidden)
        }
      - fields {
          - field_path   = "expires_at" -> null
          - order        = "ASCENDING" -> null
            # (1 unchanged attribute hidden)
        }
    }

  # google_identity_platform_tenant.mediapulse will be destroyed
  - resource "google_identity_platform_tenant" "mediapulse" {
      - allow_password_signup    = true -> null
      - deletion_policy          = "DELETE" -> null
      - disable_auth             = false -> null
      - display_name             = "mp-bb2e033c7a50-tenant" -> null
      - enable_email_link_signin = false -> null
      - id                       = "projects/mp-ver-e459135a/tenants/tenant-581bb445" -> null
      - name                     = "tenant-581bb445" -> null
      - project                  = "mp-ver-e459135a" -> null
    }

  # google_kms_crypto_key.audit will be destroyed
  - resource "google_kms_crypto_key" "audit" {
      - deletion_policy               = "DELETE" -> null
      - effective_labels              = {
          - "deployment"            = "mp-bb2e033c7a50"
          - "key_scope"             = "gcs-audit"
          - "managed_by"            = "terraform"
          - "mediapulse_deployment" = "mp-bb2e033c7a50"
          - "project"               = "mediapulse-ingest"
        } -> null
      - id                            = "projects/mp-ver-e459135a/locations/us-central1/keyRings/mp-bb2e033c7a50-keyring/cryptoKeys/mp-bb2e033c7a50-audit-cmek" -> null
      - import_only                   = false -> null
      - key_ring                      = "projects/mp-ver-e459135a/locations/us-central1/keyRings/mp-bb2e033c7a50-keyring" -> null
      - labels                        = {
          - "deployment"            = "mp-bb2e033c7a50"
          - "key_scope"             = "gcs-audit"
          - "managed_by"            = "terraform"
          - "mediapulse_deployment" = "mp-bb2e033c7a50"
          - "project"               = "mediapulse-ingest"
        } -> null
      - name                          = "mp-bb2e033c7a50-audit-cmek" -> null
      - primary                       = [
          - {
              - name  = "projects/mp-ver-e459135a/locations/us-central1/keyRings/mp-bb2e033c7a50-keyring/cryptoKeys/mp-bb2e033c7a50-audit-cmek/cryptoKeyVersions/1"
              - state = "ENABLED"
            },
        ] -> null
      - purpose                       = "ENCRYPT_DECRYPT" -> null
      - skip_initial_version_creation = false -> null
      - terraform_labels              = {
          - "deployment"            = "mp-bb2e033c7a50"
          - "key_scope"             = "gcs-audit"
          - "managed_by"            = "terraform"
          - "mediapulse_deployment" = "mp-bb2e033c7a50"
          - "project"               = "mediapulse-ingest"
        } -> null
        # (3 unchanged attributes hidden)

      - version_template {
          - algorithm        = "GOOGLE_SYMMETRIC_ENCRYPTION" -> null
          - protection_level = "SOFTWARE" -> null
        }
    }

  # google_kms_crypto_key.database will be destroyed
  - resource "google_kms_crypto_key" "database" {
      - deletion_policy               = "DELETE" -> null
      - effective_labels              = {
          - "deployment"            = "mp-bb2e033c7a50"
          - "key_scope"             = "cloud-sql"
          - "managed_by"            = "terraform"
          - "mediapulse_deployment" = "mp-bb2e033c7a50"
          - "project"               = "mediapulse-ingest"
        } -> null
      - id                            = "projects/mp-ver-e459135a/locations/us-central1/keyRings/mp-bb2e033c7a50-keyring/cryptoKeys/mp-bb2e033c7a50-database-cmek" -> null
      - import_only                   = false -> null
      - key_ring                      = "projects/mp-ver-e459135a/locations/us-central1/keyRings/mp-bb2e033c7a50-keyring" -> null
      - labels                        = {
          - "deployment"            = "mp-bb2e033c7a50"
          - "key_scope"             = "cloud-sql"
          - "managed_by"            = "terraform"
          - "mediapulse_deployment" = "mp-bb2e033c7a50"
          - "project"               = "mediapulse-ingest"
        } -> null
      - name                          = "mp-bb2e033c7a50-database-cmek" -> null
      - primary                       = [
          - {
              - name  = "projects/mp-ver-e459135a/locations/us-central1/keyRings/mp-bb2e033c7a50-keyring/cryptoKeys/mp-bb2e033c7a50-database-cmek/cryptoKeyVersions/1"
              - state = "ENABLED"
            },
        ] -> null
      - purpose                       = "ENCRYPT_DECRYPT" -> null
      - skip_initial_version_creation = false -> null
      - terraform_labels              = {
          - "deployment"            = "mp-bb2e033c7a50"
          - "key_scope"             = "cloud-sql"
          - "managed_by"            = "terraform"
          - "mediapulse_deployment" = "mp-bb2e033c7a50"
          - "project"               = "mediapulse-ingest"
        } -> null
        # (3 unchanged attributes hidden)

      - version_template {
          - algorithm        = "GOOGLE_SYMMETRIC_ENCRYPTION" -> null
          - protection_level = "SOFTWARE" -> null
        }
    }

  # google_kms_crypto_key.messaging will be destroyed
  - resource "google_kms_crypto_key" "messaging" {
      - deletion_policy               = "DELETE" -> null
      - effective_labels              = {
          - "deployment"            = "mp-bb2e033c7a50"
          - "key_scope"             = "pubsub"
          - "managed_by"            = "terraform"
          - "mediapulse_deployment" = "mp-bb2e033c7a50"
          - "project"               = "mediapulse-ingest"
        } -> null
      - id                            = "projects/mp-ver-e459135a/locations/us-central1/keyRings/mp-bb2e033c7a50-keyring/cryptoKeys/mp-bb2e033c7a50-messaging-cmek" -> null
      - import_only                   = false -> null
      - key_ring                      = "projects/mp-ver-e459135a/locations/us-central1/keyRings/mp-bb2e033c7a50-keyring" -> null
      - labels                        = {
          - "deployment"            = "mp-bb2e033c7a50"
          - "key_scope"             = "pubsub"
          - "managed_by"            = "terraform"
          - "mediapulse_deployment" = "mp-bb2e033c7a50"
          - "project"               = "mediapulse-ingest"
        } -> null
      - name                          = "mp-bb2e033c7a50-messaging-cmek" -> null
      - primary                       = [
          - {
              - name  = "projects/mp-ver-e459135a/locations/us-central1/keyRings/mp-bb2e033c7a50-keyring/cryptoKeys/mp-bb2e033c7a50-messaging-cmek/cryptoKeyVersions/1"
              - state = "ENABLED"
            },
        ] -> null
      - purpose                       = "ENCRYPT_DECRYPT" -> null
      - skip_initial_version_creation = false -> null
      - terraform_labels              = {
          - "deployment"            = "mp-bb2e033c7a50"
          - "key_scope"             = "pubsub"
          - "managed_by"            = "terraform"
          - "mediapulse_deployment" = "mp-bb2e033c7a50"
          - "project"               = "mediapulse-ingest"
        } -> null
        # (3 unchanged attributes hidden)

      - version_template {
          - algorithm        = "GOOGLE_SYMMETRIC_ENCRYPTION" -> null
          - protection_level = "SOFTWARE" -> null
        }
    }

  # google_kms_crypto_key.projection will be destroyed
  - resource "google_kms_crypto_key" "projection" {
      - deletion_policy               = "DELETE" -> null
      - effective_labels              = {
          - "deployment"            = "mp-bb2e033c7a50"
          - "key_scope"             = "firestore-datastore"
          - "managed_by"            = "terraform"
          - "mediapulse_deployment" = "mp-bb2e033c7a50"
          - "project"               = "mediapulse-ingest"
        } -> null
      - id                            = "projects/mp-ver-e459135a/locations/us-central1/keyRings/mp-bb2e033c7a50-keyring/cryptoKeys/mp-bb2e033c7a50-projection-cmek" -> null
      - import_only                   = false -> null
      - key_ring                      = "projects/mp-ver-e459135a/locations/us-central1/keyRings/mp-bb2e033c7a50-keyring" -> null
      - labels                        = {
          - "deployment"            = "mp-bb2e033c7a50"
          - "key_scope"             = "firestore-datastore"
          - "managed_by"            = "terraform"
          - "mediapulse_deployment" = "mp-bb2e033c7a50"
          - "project"               = "mediapulse-ingest"
        } -> null
      - name                          = "mp-bb2e033c7a50-projection-cmek" -> null
      - primary                       = [
          - {
              - name  = "projects/mp-ver-e459135a/locations/us-central1/keyRings/mp-bb2e033c7a50-keyring/cryptoKeys/mp-bb2e033c7a50-projection-cmek/cryptoKeyVersions/1"
              - state = "ENABLED"
            },
        ] -> null
      - purpose                       = "ENCRYPT_DECRYPT" -> null
      - skip_initial_version_creation = false -> null
      - terraform_labels              = {
          - "deployment"            = "mp-bb2e033c7a50"
          - "key_scope"             = "firestore-datastore"
          - "managed_by"            = "terraform"
          - "mediapulse_deployment" = "mp-bb2e033c7a50"
          - "project"               = "mediapulse-ingest"
        } -> null
        # (3 unchanged attributes hidden)

      - version_template {
          - algorithm        = "GOOGLE_SYMMETRIC_ENCRYPTION" -> null
          - protection_level = "SOFTWARE" -> null
        }
    }

  # google_kms_key_ring.mediapulse will be destroyed
  - resource "google_kms_key_ring" "mediapulse" {
      - id       = "projects/mp-ver-e459135a/locations/us-central1/keyRings/mp-bb2e033c7a50-keyring" -> null
      - location = "us-central1" -> null
      - name     = "mp-bb2e033c7a50-keyring" -> null
      - project  = "mp-ver-e459135a" -> null
    }

  # google_logging_project_bucket_config.api will be destroyed
  - resource "google_logging_project_bucket_config" "api" {
      - bucket_id        = "mp-bb2e033c7a50-api-logs" -> null
      - description      = "Cloud Run API structured request and audit logs" -> null
      - enable_analytics = false -> null
      - id               = "projects/mp-ver-e459135a/locations/us-central1/buckets/mp-bb2e033c7a50-api-logs" -> null
      - lifecycle_state  = "ACTIVE" -> null
      - location         = "us-central1" -> null
      - locked           = false -> null
      - name             = "projects/mp-ver-e459135a/locations/us-central1/buckets/mp-bb2e033c7a50-api-logs" -> null
      - project          = "mp-ver-e459135a" -> null
      - retention_days   = 14 -> null
    }

  # google_logging_project_bucket_config.archiver will be destroyed
  - resource "google_logging_project_bucket_config" "archiver" {
      - bucket_id        = "mp-bb2e033c7a50-archiver-logs" -> null
      - description      = "Cloud Functions audit archiver logs" -> null
      - enable_analytics = false -> null
      - id               = "projects/mp-ver-e459135a/locations/us-central1/buckets/mp-bb2e033c7a50-archiver-logs" -> null
      - lifecycle_state  = "ACTIVE" -> null
      - location         = "us-central1" -> null
      - locked           = false -> null
      - name             = "projects/mp-ver-e459135a/locations/us-central1/buckets/mp-bb2e033c7a50-archiver-logs" -> null
      - project          = "mp-ver-e459135a" -> null
      - retention_days   = 14 -> null
    }

  # google_logging_project_bucket_config.processor will be destroyed
  - resource "google_logging_project_bucket_config" "processor" {
      - bucket_id        = "mp-bb2e033c7a50-processor-logs" -> null
      - description      = "Cloud Functions event processor execution logs" -> null
      - enable_analytics = false -> null
      - id               = "projects/mp-ver-e459135a/locations/us-central1/buckets/mp-bb2e033c7a50-processor-logs" -> null
      - lifecycle_state  = "ACTIVE" -> null
      - location         = "us-central1" -> null
      - locked           = false -> null
      - name             = "projects/mp-ver-e459135a/locations/us-central1/buckets/mp-bb2e033c7a50-processor-logs" -> null
      - project          = "mp-ver-e459135a" -> null
      - retention_days   = 14 -> null
    }

  # google_logging_project_bucket_config.relay will be destroyed
  - resource "google_logging_project_bucket_config" "relay" {
      - bucket_id        = "mp-bb2e033c7a50-relay-logs" -> null
      - description      = "Cloud Functions outbox relay logs" -> null
      - enable_analytics = false -> null
      - id               = "projects/mp-ver-e459135a/locations/us-central1/buckets/mp-bb2e033c7a50-relay-logs" -> null
      - lifecycle_state  = "ACTIVE" -> null
      - location         = "us-central1" -> null
      - locked           = false -> null
      - name             = "projects/mp-ver-e459135a/locations/us-central1/buckets/mp-bb2e033c7a50-relay-logs" -> null
      - project          = "mp-ver-e459135a" -> null
      - retention_days   = 14 -> null
    }

  # google_logging_project_sink.api will be destroyed
  - resource "google_logging_project_sink" "api" {
      - deletion_policy        = "DELETE" -> null
      - destination            = "logging.googleapis.com/projects/mp-ver-e459135a/locations/us-central1/buckets/mp-bb2e033c7a50-api-logs" -> null
      - disabled               = false -> null
      - filter                 = "resource.type=\"cloud_run_revision\" AND resource.labels.service_name=\"mp-bb2e033c7a50-api\"" -> null
      - id                     = "projects/mp-ver-e459135a/sinks/mp-bb2e033c7a50-api-sink" -> null
      - name                   = "mp-bb2e033c7a50-api-sink" -> null
      - project                = "mp-ver-e459135a" -> null
      - unique_writer_identity = true -> null
      - writer_identity        = "serviceAccount:service-mp-ver-e459135a@gcp-sa-logging.iam.gserviceaccount.com" -> null
        # (1 unchanged attribute hidden)
    }

  # google_monitoring_notification_channel.ops_email will be destroyed
  - resource "google_monitoring_notification_channel" "ops_email" {
      - deletion_policy     = "DELETE" -> null
      - display_name        = "mp-bb2e033c7a50-ops-alerts" -> null
      - enabled             = true -> null
      - force_delete        = false -> null
      - id                  = "projects/mp-ver-e459135a/notificationChannels/notificationChannel-92d204b4" -> null
      - labels              = {
          - "email_address" = "ops@mediapulse.invalid"
        } -> null
      - name                = "projects/mp-ver-e459135a/notificationChannels/notificationChannel-92d204b4" -> null
      - project             = "mp-ver-e459135a" -> null
      - type                = "email" -> null
      - user_labels         = {} -> null
        # (2 unchanged attributes hidden)
    }

  # google_project_iam_member.api_cloudsql_client will be destroyed
  - resource "google_project_iam_member" "api_cloudsql_client" {
      - etag    = "BwW2" -> null
      - id      = "mp-ver-e459135a/roles/cloudsql.client/serviceAccount:mp-bb2e033c7a50-api-sa@mp-ver-e459135a.iam.gserviceaccount.com" -> null
      - member  = "serviceAccount:mp-bb2e033c7a50-api-sa@mp-ver-e459135a.iam.gserviceaccount.com" -> null
      - project = "mp-ver-e459135a" -> null
      - role    = "roles/cloudsql.client" -> null
    }

  # google_project_iam_member.api_datastore_viewer will be destroyed
  - resource "google_project_iam_member" "api_datastore_viewer" {
      - etag    = "BwW2" -> null
      - id      = "mp-ver-e459135a/roles/datastore.viewer/serviceAccount:mp-bb2e033c7a50-api-sa@mp-ver-e459135a.iam.gserviceaccount.com" -> null
      - member  = "serviceAccount:mp-bb2e033c7a50-api-sa@mp-ver-e459135a.iam.gserviceaccount.com" -> null
      - project = "mp-ver-e459135a" -> null
      - role    = "roles/datastore.viewer" -> null
    }

  # google_project_iam_member.archiver_cloudsql_client will be destroyed
  - resource "google_project_iam_member" "archiver_cloudsql_client" {
      - etag    = "BwW2" -> null
      - id      = "mp-ver-e459135a/roles/cloudsql.client/serviceAccount:mp-bb2e033c7a50-archiver-sa@mp-ver-e459135a.iam.gserviceaccount.com" -> null
      - member  = "serviceAccount:mp-bb2e033c7a50-archiver-sa@mp-ver-e459135a.iam.gserviceaccount.com" -> null
      - project = "mp-ver-e459135a" -> null
      - role    = "roles/cloudsql.client" -> null
    }

  # google_project_iam_member.processor_datastore_user will be destroyed
  - resource "google_project_iam_member" "processor_datastore_user" {
      - etag    = "BwW2" -> null
      - id      = "mp-ver-e459135a/roles/datastore.user/serviceAccount:mp-bb2e033c7a50-processor-sa@mp-ver-e459135a.iam.gserviceaccount.com" -> null
      - member  = "serviceAccount:mp-bb2e033c7a50-processor-sa@mp-ver-e459135a.iam.gserviceaccount.com" -> null
      - project = "mp-ver-e459135a" -> null
      - role    = "roles/datastore.user" -> null
    }

  # google_project_iam_member.relay_cloudsql_client will be destroyed
  - resource "google_project_iam_member" "relay_cloudsql_client" {
      - etag    = "BwW2" -> null
      - id      = "mp-ver-e459135a/roles/cloudsql.client/serviceAccount:mp-bb2e033c7a50-relay-sa@mp-ver-e459135a.iam.gserviceaccount.com" -> null
      - member  = "serviceAccount:mp-bb2e033c7a50-relay-sa@mp-ver-e459135a.iam.gserviceaccount.com" -> null
      - project = "mp-ver-e459135a" -> null
      - role    = "roles/cloudsql.client" -> null
    }

  # google_pubsub_subscription.dead_letters will be destroyed
  - resource "google_pubsub_subscription" "dead_letters" {
      - ack_deadline_seconds         = 60 -> null
      - deletion_policy              = "DELETE" -> null
      - effective_labels             = {
          - "deployment"                 = "mp-bb2e033c7a50"
          - "goog-terraform-provisioned" = "true"
          - "managed_by"                 = "terraform"
          - "mediapulse_deployment"      = "mp-bb2e033c7a50"
          - "project"                    = "mediapulse-ingest"
          - "role"                       = "dead-letter-archive"
        } -> null
      - enable_exactly_once_delivery = false -> null
      - enable_message_ordering      = false -> null
      - id                           = "projects/mp-ver-e459135a/subscriptions/mp-bb2e033c7a50-events-dlq-sub" -> null
      - labels                       = {
          - "deployment"            = "mp-bb2e033c7a50"
          - "managed_by"            = "terraform"
          - "mediapulse_deployment" = "mp-bb2e033c7a50"
          - "project"               = "mediapulse-ingest"
          - "role"                  = "dead-letter-archive"
        } -> null
      - message_retention_duration   = "1209600s" -> null
      - name                         = "mp-bb2e033c7a50-events-dlq-sub" -> null
      - project                      = "mp-ver-e459135a" -> null
      - retain_acked_messages        = false -> null
      - terraform_labels             = {
          - "deployment"                 = "mp-bb2e033c7a50"
          - "goog-terraform-provisioned" = "true"
          - "managed_by"                 = "terraform"
          - "mediapulse_deployment"      = "mp-bb2e033c7a50"
          - "project"                    = "mediapulse-ingest"
          - "role"                       = "dead-letter-archive"
        } -> null
      - topic                        = "projects/mp-ver-e459135a/topics/mp-bb2e033c7a50-events-dlq" -> null
        # (1 unchanged attribute hidden)
    }

  # google_pubsub_subscription.processor_push will be destroyed
  - resource "google_pubsub_subscription" "processor_push" {
      - ack_deadline_seconds         = 20 -> null
      - deletion_policy              = "DELETE" -> null
      - effective_labels             = {
          - "deployment"                 = "mp-bb2e033c7a50"
          - "goog-terraform-provisioned" = "true"
          - "managed_by"                 = "terraform"
          - "mediapulse_deployment"      = "mp-bb2e033c7a50"
          - "project"                    = "mediapulse-ingest"
          - "role"                       = "processor-consumer"
        } -> null
      - enable_exactly_once_delivery = false -> null
      - enable_message_ordering      = true -> null
      - id                           = "projects/mp-ver-e459135a/subscriptions/mp-bb2e033c7a50-events-processor-sub" -> null
      - labels                       = {
          - "deployment"            = "mp-bb2e033c7a50"
          - "managed_by"            = "terraform"
          - "mediapulse_deployment" = "mp-bb2e033c7a50"
          - "project"               = "mediapulse-ingest"
          - "role"                  = "processor-consumer"
        } -> null
      - message_retention_duration   = "345600s" -> null
      - name                         = "mp-bb2e033c7a50-events-processor-sub" -> null
      - project                      = "mp-ver-e459135a" -> null
      - retain_acked_messages        = false -> null
      - terraform_labels             = {
          - "deployment"                 = "mp-bb2e033c7a50"
          - "goog-terraform-provisioned" = "true"
          - "managed_by"                 = "terraform"
          - "mediapulse_deployment"      = "mp-bb2e033c7a50"
          - "project"                    = "mediapulse-ingest"
          - "role"                       = "processor-consumer"
        } -> null
      - topic                        = "projects/mp-ver-e459135a/topics/mp-bb2e033c7a50-events" -> null
        # (1 unchanged attribute hidden)

      - dead_letter_policy {
          - dead_letter_topic     = "projects/mp-ver-e459135a/topics/mp-bb2e033c7a50-events-dlq" -> null
          - max_delivery_attempts = 5 -> null
        }

      - push_config {
          - attributes    = {} -> null
          - push_endpoint = "https://us-central1-mp-ver-e459135a.cloudfunctions.net/mp-bb2e033c7a50-processor" -> null
        }

      - retry_policy {
          - maximum_backoff = "30s" -> null
          - minimum_backoff = "2s" -> null
        }
    }

  # google_pubsub_subscription_iam_member.processor_consume_events will be destroyed
  - resource "google_pubsub_subscription_iam_member" "processor_consume_events" {
      - etag         = "BwW2" -> null
      - id           = "projects/mp-ver-e459135a/subscriptions/mp-bb2e033c7a50-events-processor-sub/roles/pubsub.subscriber/serviceAccount:mp-bb2e033c7a50-processor-sa@mp-ver-e459135a.iam.gserviceaccount.com" -> null
      - member       = "serviceAccount:mp-bb2e033c7a50-processor-sa@mp-ver-e459135a.iam.gserviceaccount.com" -> null
      - role         = "roles/pubsub.subscriber" -> null
      - subscription = "mp-bb2e033c7a50-events-processor-sub" -> null
    }

  # google_pubsub_topic.dead_letters will be destroyed
  - resource "google_pubsub_topic" "dead_letters" {
      - deletion_policy            = "DELETE" -> null
      - effective_labels           = {
          - "deployment"                 = "mp-bb2e033c7a50"
          - "goog-terraform-provisioned" = "true"
          - "managed_by"                 = "terraform"
          - "mediapulse_deployment"      = "mp-bb2e033c7a50"
          - "project"                    = "mediapulse-ingest"
          - "role"                       = "dead-letter"
        } -> null
      - id                         = "projects/mp-ver-e459135a/topics/mp-bb2e033c7a50-events-dlq" -> null
      - labels                     = {
          - "deployment"            = "mp-bb2e033c7a50"
          - "managed_by"            = "terraform"
          - "mediapulse_deployment" = "mp-bb2e033c7a50"
          - "project"               = "mediapulse-ingest"
          - "role"                  = "dead-letter"
        } -> null
      - message_retention_duration = "1209600s" -> null
      - name                       = "mp-bb2e033c7a50-events-dlq" -> null
      - project                    = "mp-ver-e459135a" -> null
      - terraform_labels           = {
          - "deployment"                 = "mp-bb2e033c7a50"
          - "goog-terraform-provisioned" = "true"
          - "managed_by"                 = "terraform"
          - "mediapulse_deployment"      = "mp-bb2e033c7a50"
          - "project"                    = "mediapulse-ingest"
          - "role"                       = "dead-letter"
        } -> null
        # (1 unchanged attribute hidden)
    }

  # google_pubsub_topic.events will be destroyed
  - resource "google_pubsub_topic" "events" {
      - deletion_policy            = "DELETE" -> null
      - effective_labels           = {
          - "deployment"                 = "mp-bb2e033c7a50"
          - "goog-terraform-provisioned" = "true"
          - "managed_by"                 = "terraform"
          - "mediapulse_deployment"      = "mp-bb2e033c7a50"
          - "project"                    = "mediapulse-ingest"
          - "role"                       = "domain-events"
        } -> null
      - id                         = "projects/mp-ver-e459135a/topics/mp-bb2e033c7a50-events" -> null
      - labels                     = {
          - "deployment"            = "mp-bb2e033c7a50"
          - "managed_by"            = "terraform"
          - "mediapulse_deployment" = "mp-bb2e033c7a50"
          - "project"               = "mediapulse-ingest"
          - "role"                  = "domain-events"
        } -> null
      - message_retention_duration = "345600s" -> null
      - name                       = "mp-bb2e033c7a50-events" -> null
      - project                    = "mp-ver-e459135a" -> null
      - terraform_labels           = {
          - "deployment"                 = "mp-bb2e033c7a50"
          - "goog-terraform-provisioned" = "true"
          - "managed_by"                 = "terraform"
          - "mediapulse_deployment"      = "mp-bb2e033c7a50"
          - "project"                    = "mediapulse-ingest"
          - "role"                       = "domain-events"
        } -> null
        # (1 unchanged attribute hidden)
    }

  # google_pubsub_topic_iam_member.api_publish_events will be destroyed
  - resource "google_pubsub_topic_iam_member" "api_publish_events" {
      - etag    = "BwW2" -> null
      - id      = "projects/mp-ver-e459135a/topics/mp-bb2e033c7a50-events/roles/pubsub.publisher/serviceAccount:mp-bb2e033c7a50-api-sa@mp-ver-e459135a.iam.gserviceaccount.com" -> null
      - member  = "serviceAccount:mp-bb2e033c7a50-api-sa@mp-ver-e459135a.iam.gserviceaccount.com" -> null
      - project = "mp-ver-e459135a" -> null
      - role    = "roles/pubsub.publisher" -> null
      - topic   = "projects/mp-ver-e459135a/topics/mp-bb2e033c7a50-events" -> null
    }

  # google_pubsub_topic_iam_member.relay_publish_events will be destroyed
  - resource "google_pubsub_topic_iam_member" "relay_publish_events" {
      - etag    = "BwW2" -> null
      - id      = "projects/mp-ver-e459135a/topics/mp-bb2e033c7a50-events/roles/pubsub.publisher/serviceAccount:mp-bb2e033c7a50-relay-sa@mp-ver-e459135a.iam.gserviceaccount.com" -> null
      - member  = "serviceAccount:mp-bb2e033c7a50-relay-sa@mp-ver-e459135a.iam.gserviceaccount.com" -> null
      - project = "mp-ver-e459135a" -> null
      - role    = "roles/pubsub.publisher" -> null
      - topic   = "projects/mp-ver-e459135a/topics/mp-bb2e033c7a50-events" -> null
    }

  # google_secret_manager_secret.db_credentials will be destroyed
  - resource "google_secret_manager_secret" "db_credentials" {
      - annotations           = {} -> null
      - create_time           = "2026-09-24T18:58:00.798269795Z" -> null
      - deletion_policy       = "DELETE" -> null
      - deletion_protection   = false -> null
      - effective_annotations = {} -> null
      - effective_labels      = {} -> null
      - id                    = "projects/mp-ver-e459135a/secrets/mp-bb2e033c7a50-db-credentials" -> null
      - labels                = {} -> null
      - name                  = "projects/mp-ver-e459135a/secrets/mp-bb2e033c7a50-db-credentials" -> null
      - project               = "mp-ver-e459135a" -> null
      - secret_id             = "mp-bb2e033c7a50-db-credentials" -> null
      - terraform_labels      = {} -> null
      - version_aliases       = {} -> null
        # (3 unchanged attributes hidden)

      - replication {
          - auto {
            }
        }
    }

  # google_secret_manager_secret_iam_member.api_db_secret_accessor will be destroyed
  - resource "google_secret_manager_secret_iam_member" "api_db_secret_accessor" {
      - etag      = "BwW2" -> null
      - id        = "projects/mp-ver-e459135a/secrets/mp-bb2e033c7a50-db-credentials/roles/secretmanager.secretAccessor/serviceAccount:mp-bb2e033c7a50-api-sa@mp-ver-e459135a.iam.gserviceaccount.com" -> null
      - member    = "serviceAccount:mp-bb2e033c7a50-api-sa@mp-ver-e459135a.iam.gserviceaccount.com" -> null
      - project   = "mp-ver-e459135a" -> null
      - role      = "roles/secretmanager.secretAccessor" -> null
      - secret_id = "projects/mp-ver-e459135a/secrets/mp-bb2e033c7a50-db-credentials" -> null
    }

  # google_secret_manager_secret_version.db_credentials_v1 will be destroyed
  - resource "google_secret_manager_secret_version" "db_credentials_v1" {
      - create_time           = "2026-09-24T18:58:02.194291004Z" -> null
      - deletion_policy       = "DELETE" -> null
      - enabled               = true -> null
      - id                    = "projects/mp-ver-e459135a/secrets/mp-bb2e033c7a50-db-credentials/versions/1" -> null
      - is_secret_data_base64 = false -> null
      - name                  = "projects/mp-ver-e459135a/secrets/mp-bb2e033c7a50-db-credentials/versions/1" -> null
      - secret                = "projects/mp-ver-e459135a/secrets/mp-bb2e033c7a50-db-credentials" -> null
      - secret_data           = (sensitive value) -> null
      - secret_data_wo        = (write-only attribute) -> null
      - version               = "1" -> null
        # (1 unchanged attribute hidden)
    }

  # google_service_account.api will be destroyed
  - resource "google_service_account" "api" {
      - account_id      = "mp-bb2e033c7a50-api-sa" -> null
      - deletion_policy = "DELETE" -> null
      - disabled        = false -> null
      - display_name    = "MediaPulse Ingest Cloud Run API Service Account" -> null
      - email           = "mp-bb2e033c7a50-api-sa@mp-ver-e459135a.iam.gserviceaccount.com" -> null
      - id              = "projects/mp-ver-e459135a/serviceAccounts/mp-bb2e033c7a50-api-sa@mp-ver-e459135a.iam.gserviceaccount.com" -> null
      - member          = "serviceAccount:mp-bb2e033c7a50-api-sa@mp-ver-e459135a.iam.gserviceaccount.com" -> null
      - name            = "projects/mp-ver-e459135a/serviceAccounts/mp-bb2e033c7a50-api-sa@mp-ver-e459135a.iam.gserviceaccount.com" -> null
      - project         = "mp-ver-e459135a" -> null
      - unique_id       = "100000000000000007" -> null
        # (1 unchanged attribute hidden)
    }

  # google_service_account.archiver will be destroyed
  - resource "google_service_account" "archiver" {
      - account_id      = "mp-bb2e033c7a50-archiver-sa" -> null
      - deletion_policy = "DELETE" -> null
      - disabled        = false -> null
      - display_name    = "MediaPulse Ingest Audit Archiver Function Service Account" -> null
      - email           = "mp-bb2e033c7a50-archiver-sa@mp-ver-e459135a.iam.gserviceaccount.com" -> null
      - id              = "projects/mp-ver-e459135a/serviceAccounts/mp-bb2e033c7a50-archiver-sa@mp-ver-e459135a.iam.gserviceaccount.com" -> null
      - member          = "serviceAccount:mp-bb2e033c7a50-archiver-sa@mp-ver-e459135a.iam.gserviceaccount.com" -> null
      - name            = "projects/mp-ver-e459135a/serviceAccounts/mp-bb2e033c7a50-archiver-sa@mp-ver-e459135a.iam.gserviceaccount.com" -> null
      - project         = "mp-ver-e459135a" -> null
      - unique_id       = "100000000000000001" -> null
        # (1 unchanged attribute hidden)
    }

  # google_service_account.client_admin will be destroyed
  - resource "google_service_account" "client_admin" {
      - account_id      = "mp-bb2e033c7a50-client-admin" -> null
      - deletion_policy = "DELETE" -> null
      - disabled        = false -> null
      - display_name    = "MediaPulse Admin Scope Client (mediapulse/admin)" -> null
      - email           = "mp-bb2e033c7a50-client-admin@mp-ver-e459135a.iam.gserviceaccount.com" -> null
      - id              = "projects/mp-ver-e459135a/serviceAccounts/mp-bb2e033c7a50-client-admin@mp-ver-e459135a.iam.gserviceaccount.com" -> null
      - member          = "serviceAccount:mp-bb2e033c7a50-client-admin@mp-ver-e459135a.iam.gserviceaccount.com" -> null
      - name            = "projects/mp-ver-e459135a/serviceAccounts/mp-bb2e033c7a50-client-admin@mp-ver-e459135a.iam.gserviceaccount.com" -> null
      - project         = "mp-ver-e459135a" -> null
      - unique_id       = "100000000000000003" -> null
        # (1 unchanged attribute hidden)
    }

  # google_service_account.client_read will be destroyed
  - resource "google_service_account" "client_read" {
      - account_id      = "mp-bb2e033c7a50-client-read" -> null
      - deletion_policy = "DELETE" -> null
      - disabled        = false -> null
      - display_name    = "MediaPulse Read Scope Client (mediapulse/read)" -> null
      - email           = "mp-bb2e033c7a50-client-read@mp-ver-e459135a.iam.gserviceaccount.com" -> null
      - id              = "projects/mp-ver-e459135a/serviceAccounts/mp-bb2e033c7a50-client-read@mp-ver-e459135a.iam.gserviceaccount.com" -> null
      - member          = "serviceAccount:mp-bb2e033c7a50-client-read@mp-ver-e459135a.iam.gserviceaccount.com" -> null
      - name            = "projects/mp-ver-e459135a/serviceAccounts/mp-bb2e033c7a50-client-read@mp-ver-e459135a.iam.gserviceaccount.com" -> null
      - project         = "mp-ver-e459135a" -> null
      - unique_id       = "100000000000000006" -> null
        # (1 unchanged attribute hidden)
    }

  # google_service_account.client_write will be destroyed
  - resource "google_service_account" "client_write" {
      - account_id      = "mp-bb2e033c7a50-client-write" -> null
      - deletion_policy = "DELETE" -> null
      - disabled        = false -> null
      - display_name    = "MediaPulse Write Scope Client (mediapulse/write)" -> null
      - email           = "mp-bb2e033c7a50-client-write@mp-ver-e459135a.iam.gserviceaccount.com" -> null
      - id              = "projects/mp-ver-e459135a/serviceAccounts/mp-bb2e033c7a50-client-write@mp-ver-e459135a.iam.gserviceaccount.com" -> null
      - member          = "serviceAccount:mp-bb2e033c7a50-client-write@mp-ver-e459135a.iam.gserviceaccount.com" -> null
      - name            = "projects/mp-ver-e459135a/serviceAccounts/mp-bb2e033c7a50-client-write@mp-ver-e459135a.iam.gserviceaccount.com" -> null
      - project         = "mp-ver-e459135a" -> null
      - unique_id       = "100000000000000005" -> null
        # (1 unchanged attribute hidden)
    }

  # google_service_account.processor will be destroyed
  - resource "google_service_account" "processor" {
      - account_id      = "mp-bb2e033c7a50-processor-sa" -> null
      - deletion_policy = "DELETE" -> null
      - disabled        = false -> null
      - display_name    = "MediaPulse Ingest Event Processor Function Service Account" -> null
      - email           = "mp-bb2e033c7a50-processor-sa@mp-ver-e459135a.iam.gserviceaccount.com" -> null
      - id              = "projects/mp-ver-e459135a/serviceAccounts/mp-bb2e033c7a50-processor-sa@mp-ver-e459135a.iam.gserviceaccount.com" -> null
      - member          = "serviceAccount:mp-bb2e033c7a50-processor-sa@mp-ver-e459135a.iam.gserviceaccount.com" -> null
      - name            = "projects/mp-ver-e459135a/serviceAccounts/mp-bb2e033c7a50-processor-sa@mp-ver-e459135a.iam.gserviceaccount.com" -> null
      - project         = "mp-ver-e459135a" -> null
      - unique_id       = "100000000000000008" -> null
        # (1 unchanged attribute hidden)
    }

  # google_service_account.pubsub_invoker will be destroyed
  - resource "google_service_account" "pubsub_invoker" {
      - account_id      = "mp-bb2e033c7a50-pubsub-push-sa" -> null
      - deletion_policy = "DELETE" -> null
      - disabled        = false -> null
      - display_name    = "MediaPulse Ingest Pub/Sub Push Invoker Service Account" -> null
      - email           = "mp-bb2e033c7a50-pubsub-push-sa@mp-ver-e459135a.iam.gserviceaccount.com" -> null
      - id              = "projects/mp-ver-e459135a/serviceAccounts/mp-bb2e033c7a50-pubsub-push-sa@mp-ver-e459135a.iam.gserviceaccount.com" -> null
      - member          = "serviceAccount:mp-bb2e033c7a50-pubsub-push-sa@mp-ver-e459135a.iam.gserviceaccount.com" -> null
      - name            = "projects/mp-ver-e459135a/serviceAccounts/mp-bb2e033c7a50-pubsub-push-sa@mp-ver-e459135a.iam.gserviceaccount.com" -> null
      - project         = "mp-ver-e459135a" -> null
      - unique_id       = "100000000000000002" -> null
        # (1 unchanged attribute hidden)
    }

  # google_service_account.relay will be destroyed
  - resource "google_service_account" "relay" {
      - account_id      = "mp-bb2e033c7a50-relay-sa" -> null
      - deletion_policy = "DELETE" -> null
      - disabled        = false -> null
      - display_name    = "MediaPulse Ingest Outbox Relay Function Service Account" -> null
      - email           = "mp-bb2e033c7a50-relay-sa@mp-ver-e459135a.iam.gserviceaccount.com" -> null
      - id              = "projects/mp-ver-e459135a/serviceAccounts/mp-bb2e033c7a50-relay-sa@mp-ver-e459135a.iam.gserviceaccount.com" -> null
      - member          = "serviceAccount:mp-bb2e033c7a50-relay-sa@mp-ver-e459135a.iam.gserviceaccount.com" -> null
      - name            = "projects/mp-ver-e459135a/serviceAccounts/mp-bb2e033c7a50-relay-sa@mp-ver-e459135a.iam.gserviceaccount.com" -> null
      - project         = "mp-ver-e459135a" -> null
      - unique_id       = "100000000000000004" -> null
        # (1 unchanged attribute hidden)
    }

  # google_service_account.scheduler will be destroyed
  - resource "google_service_account" "scheduler" {
      - account_id      = "mp-bb2e033c7a50-scheduler-sa" -> null
      - deletion_policy = "DELETE" -> null
      - disabled        = false -> null
      - display_name    = "MediaPulse Ingest Cloud Scheduler Invoker Service Account" -> null
      - email           = "mp-bb2e033c7a50-scheduler-sa@mp-ver-e459135a.iam.gserviceaccount.com" -> null
      - id              = "projects/mp-ver-e459135a/serviceAccounts/mp-bb2e033c7a50-scheduler-sa@mp-ver-e459135a.iam.gserviceaccount.com" -> null
      - member          = "serviceAccount:mp-bb2e033c7a50-scheduler-sa@mp-ver-e459135a.iam.gserviceaccount.com" -> null
      - name            = "projects/mp-ver-e459135a/serviceAccounts/mp-bb2e033c7a50-scheduler-sa@mp-ver-e459135a.iam.gserviceaccount.com" -> null
      - project         = "mp-ver-e459135a" -> null
      - unique_id       = "100000000000000000" -> null
        # (1 unchanged attribute hidden)
    }

  # google_service_account_key.client_admin will be destroyed
  - resource "google_service_account_key" "client_admin" {
      - deletion_policy    = "DELETE" -> null
      - id                 = "projects/mp-ver-e459135a/serviceAccounts/mp-bb2e033c7a50-client-admin@mp-ver-e459135a.iam.gserviceaccount.com/keys/13bee8bce5044231" -> null
      - key_algorithm      = "KEY_ALG_RSA_2048" -> null
      - name               = "projects/mp-ver-e459135a/serviceAccounts/mp-bb2e033c7a50-client-admin@mp-ver-e459135a.iam.gserviceaccount.com/keys/13bee8bce5044231" -> null
      - private_key        = (sensitive value) -> null
      - private_key_type   = "TYPE_GOOGLE_CREDENTIALS_FILE" -> null
      - public_key         = "bWVkaWFwdWxzZS1wdWJsaWMta2V5" -> null
      - public_key_type    = "TYPE_X509_PEM_FILE" -> null
      - service_account_id = "projects/mp-ver-e459135a/serviceAccounts/mp-bb2e033c7a50-client-admin@mp-ver-e459135a.iam.gserviceaccount.com" -> null
      - valid_after        = "2026-01-01T00:00:00Z" -> null
      - valid_before       = "2036-01-01T00:00:00Z" -> null
    }

  # google_service_account_key.client_read will be destroyed
  - resource "google_service_account_key" "client_read" {
      - deletion_policy    = "DELETE" -> null
      - id                 = "projects/mp-ver-e459135a/serviceAccounts/mp-bb2e033c7a50-client-read@mp-ver-e459135a.iam.gserviceaccount.com/keys/289170b5510345dd" -> null
      - key_algorithm      = "KEY_ALG_RSA_2048" -> null
      - name               = "projects/mp-ver-e459135a/serviceAccounts/mp-bb2e033c7a50-client-read@mp-ver-e459135a.iam.gserviceaccount.com/keys/289170b5510345dd" -> null
      - private_key        = (sensitive value) -> null
      - private_key_type   = "TYPE_GOOGLE_CREDENTIALS_FILE" -> null
      - public_key         = "bWVkaWFwdWxzZS1wdWJsaWMta2V5" -> null
      - public_key_type    = "TYPE_X509_PEM_FILE" -> null
      - service_account_id = "projects/mp-ver-e459135a/serviceAccounts/mp-bb2e033c7a50-client-read@mp-ver-e459135a.iam.gserviceaccount.com" -> null
      - valid_after        = "2026-01-01T00:00:00Z" -> null
      - valid_before       = "2036-01-01T00:00:00Z" -> null
    }

  # google_service_account_key.client_write will be destroyed
  - resource "google_service_account_key" "client_write" {
      - deletion_policy    = "DELETE" -> null
      - id                 = "projects/mp-ver-e459135a/serviceAccounts/mp-bb2e033c7a50-client-write@mp-ver-e459135a.iam.gserviceaccount.com/keys/8616bd37d5e94529" -> null
      - key_algorithm      = "KEY_ALG_RSA_2048" -> null
      - name               = "projects/mp-ver-e459135a/serviceAccounts/mp-bb2e033c7a50-client-write@mp-ver-e459135a.iam.gserviceaccount.com/keys/8616bd37d5e94529" -> null
      - private_key        = (sensitive value) -> null
      - private_key_type   = "TYPE_GOOGLE_CREDENTIALS_FILE" -> null
      - public_key         = "bWVkaWFwdWxzZS1wdWJsaWMta2V5" -> null
      - public_key_type    = "TYPE_X509_PEM_FILE" -> null
      - service_account_id = "projects/mp-ver-e459135a/serviceAccounts/mp-bb2e033c7a50-client-write@mp-ver-e459135a.iam.gserviceaccount.com" -> null
      - valid_after        = "2026-01-01T00:00:00Z" -> null
      - valid_before       = "2036-01-01T00:00:00Z" -> null
    }

  # google_sql_database.mediapulse will be destroyed
  - resource "google_sql_database" "mediapulse" {
      - charset         = "UTF8" -> null
      - collation       = "en_US.UTF8" -> null
      - deletion_policy = "DELETE" -> null
      - id              = "projects/mp-ver-e459135a/instances/mp-bb2e033c7a50-events-pg/databases/mp_008bc8" -> null
      - instance        = "mp-bb2e033c7a50-events-pg" -> null
      - name            = "mp_008bc8" -> null
      - project         = "mp-ver-e459135a" -> null
    }

  # google_sql_database_instance.events will be destroyed
  - resource "google_sql_database_instance" "events" {
      - available_maintenance_versions       = [] -> null
      - connection_name                      = "mp-ver-e459135a:us-central1:mp-bb2e033c7a50-events-pg" -> null
      - database_version                     = "POSTGRES_16" -> null
      - deletion_policy                      = "DELETE" -> null
      - deletion_protection                  = false -> null
      - dns_names                            = [] -> null
      - encryption_key_name                  = "projects/mp-ver-e459135a/locations/us-central1/keyRings/mp-bb2e033c7a50-keyring/cryptoKeys/mp-bb2e033c7a50-database-cmek" -> null
      - enforce_new_sql_network_architecture = false -> null
      - first_ip_address                     = "gcp" -> null
      - id                                   = "mp-bb2e033c7a50-events-pg" -> null
      - instance_type                        = "CLOUD_SQL_INSTANCE" -> null
      - ip_address                           = [
          - {
              - ip_address     = "gcp"
              - type           = "PRIVATE"
                # (1 unchanged attribute hidden)
            },
          - {
              - ip_address     = "gcp"
              - type           = "PRIMARY"
                # (1 unchanged attribute hidden)
            },
        ] -> null
      - name                                 = "mp-bb2e033c7a50-events-pg" -> null
      - node_count                           = 0 -> null
      - private_ip_address                   = "gcp" -> null
      - project                              = "mp-ver-e459135a" -> null
      - public_ip_address                    = "gcp" -> null
      - region                               = "us-central1" -> null
      - replica_names                        = [] -> null
      - root_password_wo                     = (write-only attribute) -> null
      - self_link                            = "http://gcp:4588/v1/projects/mp-ver-e459135a/instances/mp-bb2e033c7a50-events-pg" -> null
      - server_ca_cert                       = (sensitive value) -> null
        # (5 unchanged attributes hidden)

      - replication_cluster {
          - dr_replica               = false -> null
            # (2 unchanged attributes hidden)
        }

      - settings {
          - activation_policy                = "ALWAYS" -> null
          - auto_upgrade_enabled             = false -> null
          - availability_type                = "ZONAL" -> null
          - data_disk_provisioned_iops       = 0 -> null
          - data_disk_provisioned_throughput = 0 -> null
          - deletion_protection_enabled      = false -> null
          - disk_autoresize                  = true -> null
          - disk_autoresize_limit            = 0 -> null
          - disk_size                        = 20 -> null
          - disk_type                        = "PD_SSD" -> null
          - edition                          = "ENTERPRISE" -> null
          - effective_availability_type      = "ZONAL" -> null
          - enable_dataplex_integration      = false -> null
          - enable_google_ml_integration     = false -> null
          - pricing_plan                     = "PER_USE" -> null
          - replication_lag_max_seconds      = 0 -> null
          - retain_backups_on_delete         = false -> null
          - tier                             = "db-custom-2-4096" -> null
          - user_labels                      = {
              - "data_role"             = "event-store-outbox"
              - "deployment"            = "mp-bb2e033c7a50"
              - "encryption"            = "cmek"
              - "managed_by"            = "terraform"
              - "mediapulse_deployment" = "mp-bb2e033c7a50"
              - "project"               = "mediapulse-ingest"
            } -> null
          - version                          = 0 -> null
            # (4 unchanged attributes hidden)

          - backup_configuration {
              - binary_log_enabled             = false -> null
              - enabled                        = true -> null
              - point_in_time_recovery_enabled = true -> null
              - transaction_log_retention_days = 0 -> null
                # (3 unchanged attributes hidden)
            }

          - data_cache_config {
              - data_cache_enabled = false -> null
            }

          - ip_configuration {
              - custom_subject_alternative_names              = [] -> null
              - enable_private_path_for_google_cloud_services = false -> null
              - ipv4_enabled                                  = false -> null
              - private_network                               = "projects/mp-ver-e459135a/global/networks/mp-bb2e033c7a50-vpc" -> null
                # (5 unchanged attributes hidden)
            }

          - read_pool_auto_scale_config {
              - disable_scale_in           = false -> null
              - enabled                    = false -> null
              - max_node_count             = 0 -> null
              - min_node_count             = 0 -> null
              - scale_in_cooldown_seconds  = 0 -> null
              - scale_out_cooldown_seconds = 0 -> null
            }
        }
    }

  # google_sql_user.app will be destroyed
  - resource "google_sql_user" "app" {
      - deletion_policy         = "DELETE" -> null
      - host                    = "%" -> null
      - id                      = "mp_user_b26e78/%/mp-bb2e033c7a50-events-pg" -> null
      - instance                = "mp-bb2e033c7a50-events-pg" -> null
      - name                    = "mp_user_b26e78" -> null
      - password                = (sensitive value) -> null
      - password_wo             = (write-only attribute) -> null
      - project                 = "mp-ver-e459135a" -> null
      - sql_server_user_details = [] -> null
        # (2 unchanged attributes hidden)
    }

  # google_storage_bucket.audit will be destroyed
  - resource "google_storage_bucket" "audit" {
      - default_event_based_hold    = false -> null
      - deletion_policy             = "DELETE" -> null
      - effective_labels            = {
          - "data_role"                  = "immutable-audit"
          - "deployment"                 = "mp-bb2e033c7a50"
          - "goog-terraform-provisioned" = "true"
          - "managed_by"                 = "terraform"
          - "mediapulse_deployment"      = "mp-bb2e033c7a50"
          - "project"                    = "mediapulse-ingest"
        } -> null
      - enable_object_retention     = false -> null
      - force_destroy               = true -> null
      - id                          = "mp-bb2e033c7a50-mp-ver-e459135a-audit" -> null
      - labels                      = {
          - "data_role"             = "immutable-audit"
          - "deployment"            = "mp-bb2e033c7a50"
          - "managed_by"            = "terraform"
          - "mediapulse_deployment" = "mp-bb2e033c7a50"
          - "project"               = "mediapulse-ingest"
        } -> null
      - location                    = "US-CENTRAL1" -> null
      - name                        = "mp-bb2e033c7a50-mp-ver-e459135a-audit" -> null
      - project                     = "mp-ver-e459135a" -> null
      - project_number              = 1 -> null
      - public_access_prevention    = "enforced" -> null
      - requester_pays              = false -> null
      - self_link                   = "http://127.0.0.1:4588/storage/v1/b/mp-bb2e033c7a50-mp-ver-e459135a-audit" -> null
      - storage_class               = "STANDARD" -> null
      - terraform_labels            = {
          - "data_role"                  = "immutable-audit"
          - "deployment"                 = "mp-bb2e033c7a50"
          - "goog-terraform-provisioned" = "true"
          - "managed_by"                 = "terraform"
          - "mediapulse_deployment"      = "mp-bb2e033c7a50"
          - "project"                    = "mediapulse-ingest"
        } -> null
      - time_created                = "2026-09-24T18:58:02.058604Z" -> null
      - uniform_bucket_level_access = false -> null
      - updated                     = "2026-09-24T18:59:35.291812Z" -> null
      - url                         = "gs://mp-bb2e033c7a50-mp-ver-e459135a-audit" -> null

      - hierarchical_namespace {
          - enabled = false -> null
        }

      - versioning {
          - enabled = true -> null
        }
    }

  # google_storage_bucket_iam_member.archiver_write_audit will be destroyed
  - resource "google_storage_bucket_iam_member" "archiver_write_audit" {
      - bucket = "b/mp-bb2e033c7a50-mp-ver-e459135a-audit" -> null
      - etag   = "f2JaThU2TlQ=" -> null
      - id     = "b/mp-bb2e033c7a50-mp-ver-e459135a-audit/roles/storage.objectAdmin/serviceAccount:mp-bb2e033c7a50-archiver-sa@mp-ver-e459135a.iam.gserviceaccount.com" -> null
      - member = "serviceAccount:mp-bb2e033c7a50-archiver-sa@mp-ver-e459135a.iam.gserviceaccount.com" -> null
      - role   = "roles/storage.objectAdmin" -> null
    }

Plan: 0 to add, 0 to change, 67 to destroy.

Changes to Outputs:
  - cloud_run_service_name = "mp-bb2e033c7a50-api" -> null
  - load_balancer_url      = "http://gcp" -> null
  - manifest               = (sensitive value) -> null
  - pubsub_topic_id        = "projects/mp-ver-e459135a/topics/mp-bb2e033c7a50-events" -> null
google_identity_platform_tenant.mediapulse: Destroying... [id=projects/mp-ver-e459135a/tenants/tenant-581bb445]
google_identity_platform_tenant.mediapulse: Destruction complete after 0s
google_sql_user.app: Destroying... [id=mp_user_b26e78/%/mp-bb2e033c7a50-events-pg]
google_service_account_key.client_admin: Destroying... [id=projects/mp-ver-e459135a/serviceAccounts/mp-bb2e033c7a50-client-admin@mp-ver-e459135a.iam.gserviceaccount.com/keys/13bee8bce5044231]
google_service_account_key.client_read: Destroying... [id=projects/mp-ver-e459135a/serviceAccounts/mp-bb2e033c7a50-client-read@mp-ver-e459135a.iam.gserviceaccount.com/keys/289170b5510345dd]
google_logging_project_bucket_config.relay: Destroying... [id=projects/mp-ver-e459135a/locations/us-central1/buckets/mp-bb2e033c7a50-relay-logs]
google_sql_database.mediapulse: Destroying... [id=projects/mp-ver-e459135a/instances/mp-bb2e033c7a50-events-pg/databases/mp_008bc8]
google_cloud_scheduler_job.relay: Destroying... [id=projects/mp-ver-e459135a/locations/us-central1/jobs/mp-bb2e033c7a50-relay-schedule]
google_cloud_tasks_queue.projection_rebuild: Destroying... [id=projects/mp-ver-e459135a/locations/us-central1/queues/mp-bb2e033c7a50-projection-rebuild-q]
google_pubsub_subscription.dead_letters: Destroying... [id=projects/mp-ver-e459135a/subscriptions/mp-bb2e033c7a50-events-dlq-sub]
google_project_iam_member.api_datastore_viewer: Destroying... [id=mp-ver-e459135a/roles/datastore.viewer/serviceAccount:mp-bb2e033c7a50-api-sa@mp-ver-e459135a.iam.gserviceaccount.com]
google_compute_firewall.allow_workloads_to_postgres: Destroying... [id=projects/mp-ver-e459135a/global/firewalls/mp-bb2e033c7a50-allow-workloads-pg]
google_service_account_key.client_read: Destruction complete after 0s
google_logging_project_bucket_config.relay: Destruction complete after 0s
google_service_account_key.client_admin: Destruction complete after 0s
google_pubsub_subscription.dead_letters: Destruction complete after 0s
google_sql_user.app: Destruction complete after 0s
google_cloud_scheduler_job.relay: Destruction complete after 0s
google_cloud_tasks_queue.projection_rebuild: Destruction complete after 0s
google_sql_database.mediapulse: Destruction complete after 0s
google_firestore_index.media_cache: Destroying... [id=projects/mp-ver-e459135a/databases/mp-bb2e033c7a50-projections/collectionGroups/MediaCache/indexes/idx-68ef5e18]
google_compute_firewall.allow_lb_to_api: Destroying... [id=projects/mp-ver-e459135a/global/firewalls/mp-bb2e033c7a50-allow-lb-to-api]
google_pubsub_subscription_iam_member.processor_consume_events: Destroying... [id=projects/mp-ver-e459135a/subscriptions/mp-bb2e033c7a50-events-processor-sub/roles/pubsub.subscriber/serviceAccount:mp-bb2e033c7a50-processor-sa@mp-ver-e459135a.iam.gserviceaccount.com]
google_logging_project_sink.api: Destroying... [id=projects/mp-ver-e459135a/sinks/mp-bb2e033c7a50-api-sink]
google_project_iam_member.relay_cloudsql_client: Destroying... [id=mp-ver-e459135a/roles/cloudsql.client/serviceAccount:mp-bb2e033c7a50-relay-sa@mp-ver-e459135a.iam.gserviceaccount.com]
google_secret_manager_secret_version.db_credentials_v1: Destroying... [id=projects/mp-ver-e459135a/secrets/mp-bb2e033c7a50-db-credentials/versions/1]
google_cloud_scheduler_job.archiver: Destroying... [id=projects/mp-ver-e459135a/locations/us-central1/jobs/mp-bb2e033c7a50-archiver-schedule]
google_firestore_index.media_cache: Destruction complete after 0s
google_compute_subnetwork.private: Destroying... [id=projects/mp-ver-e459135a/regions/us-central1/subnetworks/mp-bb2e033c7a50-subnet-private]
google_compute_subnetwork.private: Destruction complete after 0s
google_logging_project_sink.api: Destruction complete after 0s
google_compute_firewall.allow_lb_to_api: Destruction complete after 0s
google_secret_manager_secret_version.db_credentials_v1: Destruction complete after 0s
google_cloud_scheduler_job.archiver: Destruction complete after 0s
google_logging_project_bucket_config.processor: Destroying... [id=projects/mp-ver-e459135a/locations/us-central1/buckets/mp-bb2e033c7a50-processor-logs]
google_logging_project_bucket_config.archiver: Destroying... [id=projects/mp-ver-e459135a/locations/us-central1/buckets/mp-bb2e033c7a50-archiver-logs]
google_project_iam_member.archiver_cloudsql_client: Destroying... [id=mp-ver-e459135a/roles/cloudsql.client/serviceAccount:mp-bb2e033c7a50-archiver-sa@mp-ver-e459135a.iam.gserviceaccount.com]
google_monitoring_notification_channel.ops_email: Destroying... [id=projects/mp-ver-e459135a/notificationChannels/notificationChannel-92d204b4]
google_logging_project_bucket_config.processor: Destruction complete after 0s
google_project_iam_member.processor_datastore_user: Destroying... [id=mp-ver-e459135a/roles/datastore.user/serviceAccount:mp-bb2e033c7a50-processor-sa@mp-ver-e459135a.iam.gserviceaccount.com]
google_monitoring_notification_channel.ops_email: Destruction complete after 0s
google_logging_project_bucket_config.archiver: Destruction complete after 0s
google_pubsub_topic_iam_member.api_publish_events: Destroying... [id=projects/mp-ver-e459135a/topics/mp-bb2e033c7a50-events/roles/pubsub.publisher/serviceAccount:mp-bb2e033c7a50-api-sa@mp-ver-e459135a.iam.gserviceaccount.com]
google_compute_global_forwarding_rule.http: Destroying... [id=projects/mp-ver-e459135a/global/forwardingRules/mp-bb2e033c7a50-api-http-fwd]
google_compute_global_forwarding_rule.http: Destruction complete after 0s
google_secret_manager_secret_iam_member.api_db_secret_accessor: Destroying... [id=projects/mp-ver-e459135a/secrets/mp-bb2e033c7a50-db-credentials/roles/secretmanager.secretAccessor/serviceAccount:mp-bb2e033c7a50-api-sa@mp-ver-e459135a.iam.gserviceaccount.com]
google_project_iam_member.api_cloudsql_client: Destroying... [id=mp-ver-e459135a/roles/cloudsql.client/serviceAccount:mp-bb2e033c7a50-api-sa@mp-ver-e459135a.iam.gserviceaccount.com]
google_service_account_key.client_write: Destroying... [id=projects/mp-ver-e459135a/serviceAccounts/mp-bb2e033c7a50-client-write@mp-ver-e459135a.iam.gserviceaccount.com/keys/8616bd37d5e94529]
google_service_account_key.client_write: Destruction complete after 0s
google_pubsub_topic_iam_member.relay_publish_events: Destroying... [id=projects/mp-ver-e459135a/topics/mp-bb2e033c7a50-events/roles/pubsub.publisher/serviceAccount:mp-bb2e033c7a50-relay-sa@mp-ver-e459135a.iam.gserviceaccount.com]
google_compute_firewall.allow_workloads_to_postgres: Destruction complete after 1s
google_compute_firewall.deny_external_ingress: Destroying... [id=projects/mp-ver-e459135a/global/firewalls/mp-bb2e033c7a50-deny-external-ingress]
google_compute_firewall.deny_external_ingress: Destruction complete after 0s
google_compute_subnetwork.ingress: Destroying... [id=projects/mp-ver-e459135a/regions/us-central1/subnetworks/mp-bb2e033c7a50-subnet-ingress]
google_compute_subnetwork.ingress: Destruction complete after 0s
google_bigquery_table.archived_events: Destroying... [id=projects/mp-ver-e459135a/datasets/mp_bb2e033c7a50_audit_analytics/tables/archived_events]
google_bigquery_table.archived_events: Destruction complete after 0s
google_storage_bucket_iam_member.archiver_write_audit: Destroying... [id=b/mp-bb2e033c7a50-mp-ver-e459135a-audit/roles/storage.objectAdmin/serviceAccount:mp-bb2e033c7a50-archiver-sa@mp-ver-e459135a.iam.gserviceaccount.com]
google_pubsub_subscription_iam_member.processor_consume_events: Destruction complete after 3s
google_cloudfunctions2_function.relay: Destroying... [id=projects/mp-ver-e459135a/locations/us-central1/functions/mp-bb2e033c7a50-outbox-relay]
google_cloudfunctions2_function.relay: Destruction complete after 0s
google_logging_project_bucket_config.api: Destroying... [id=projects/mp-ver-e459135a/locations/us-central1/buckets/mp-bb2e033c7a50-api-logs]
google_logging_project_bucket_config.api: Destruction complete after 0s
google_service_account.scheduler: Destroying... [id=projects/mp-ver-e459135a/serviceAccounts/mp-bb2e033c7a50-scheduler-sa@mp-ver-e459135a.iam.gserviceaccount.com]
google_service_account.scheduler: Destruction complete after 0s
google_cloudfunctions2_function.archiver: Destroying... [id=projects/mp-ver-e459135a/locations/us-central1/functions/mp-bb2e033c7a50-audit-archiver]
google_cloudfunctions2_function.archiver: Destruction complete after 0s
google_compute_target_http_proxy.api: Destroying... [id=projects/mp-ver-e459135a/global/targetHttpProxies/mp-bb2e033c7a50-api-http-proxy]
google_pubsub_topic_iam_member.api_publish_events: Destruction complete after 3s
google_compute_target_http_proxy.api: Destruction complete after 0s
google_compute_global_address.api_ip: Destroying... [id=projects/mp-ver-e459135a/global/addresses/mp-bb2e033c7a50-api-lb-ip]
google_compute_global_address.api_ip: Destruction complete after 0s
google_secret_manager_secret_iam_member.api_db_secret_accessor: Destruction complete after 3s
google_bigquery_dataset.audit_analytics: Destroying... [id=projects/mp-ver-e459135a/datasets/mp_bb2e033c7a50_audit_analytics]
google_pubsub_subscription.processor_push: Destroying... [id=projects/mp-ver-e459135a/subscriptions/mp-bb2e033c7a50-events-processor-sub]
google_bigquery_dataset.audit_analytics: Destruction complete after 0s
google_compute_url_map.api: Destroying... [id=projects/mp-ver-e459135a/global/urlMaps/mp-bb2e033c7a50-api-urlmap]
google_pubsub_subscription.processor_push: Destruction complete after 0s
google_secret_manager_secret.db_credentials: Destroying... [id=projects/mp-ver-e459135a/secrets/mp-bb2e033c7a50-db-credentials]
google_compute_url_map.api: Destruction complete after 0s
google_secret_manager_secret.db_credentials: Destruction complete after 0s
google_service_account.pubsub_invoker: Destroying... [id=projects/mp-ver-e459135a/serviceAccounts/mp-bb2e033c7a50-pubsub-push-sa@mp-ver-e459135a.iam.gserviceaccount.com]
google_cloudfunctions2_function.processor: Destroying... [id=projects/mp-ver-e459135a/locations/us-central1/functions/mp-bb2e033c7a50-processor]
google_service_account.pubsub_invoker: Destruction complete after 0s
google_pubsub_topic.dead_letters: Destroying... [id=projects/mp-ver-e459135a/topics/mp-bb2e033c7a50-events-dlq]
google_cloudfunctions2_function.processor: Destruction complete after 0s
google_compute_backend_service.api: Destroying... [id=projects/mp-ver-e459135a/global/backendServices/mp-bb2e033c7a50-api-backend]
google_pubsub_topic.dead_letters: Destruction complete after 0s
google_compute_backend_service.api: Destruction complete after 0s
google_compute_region_network_endpoint_group.api_serverless_neg: Destroying... [id=projects/mp-ver-e459135a/regions/us-central1/networkEndpointGroups/mp-bb2e033c7a50-api-neg]
google_compute_region_network_endpoint_group.api_serverless_neg: Destruction complete after 0s
google_cloud_run_v2_service.api: Destroying... [id=projects/mp-ver-e459135a/locations/us-central1/services/mp-bb2e033c7a50-api]
google_cloud_run_v2_service.api: Destruction complete after 1s
google_service_account.client_write: Destroying... [id=projects/mp-ver-e459135a/serviceAccounts/mp-bb2e033c7a50-client-write@mp-ver-e459135a.iam.gserviceaccount.com]
google_firestore_database.projections: Destroying... [id=projects/mp-ver-e459135a/databases/mp-bb2e033c7a50-projections]
google_service_account.client_admin: Destroying... [id=projects/mp-ver-e459135a/serviceAccounts/mp-bb2e033c7a50-client-admin@mp-ver-e459135a.iam.gserviceaccount.com]
google_service_account.client_admin: Destruction complete after 0s
google_firestore_database.projections: Destruction complete after 0s
google_service_account.client_write: Destruction complete after 0s
google_service_account.client_read: Destroying... [id=projects/mp-ver-e459135a/serviceAccounts/mp-bb2e033c7a50-client-read@mp-ver-e459135a.iam.gserviceaccount.com]
google_service_account.client_read: Destruction complete after 0s
google_kms_crypto_key.projection: Destroying... [id=projects/mp-ver-e459135a/locations/us-central1/keyRings/mp-bb2e033c7a50-keyring/cryptoKeys/mp-bb2e033c7a50-projection-cmek]
google_sql_database_instance.events: Destroying... [id=mp-bb2e033c7a50-events-pg]
google_kms_crypto_key.projection: Destruction complete after 0s
google_sql_database_instance.events: Destruction complete after 0s
google_kms_crypto_key.database: Destroying... [id=projects/mp-ver-e459135a/locations/us-central1/keyRings/mp-bb2e033c7a50-keyring/cryptoKeys/mp-bb2e033c7a50-database-cmek]
google_compute_network.ingest: Destroying... [id=projects/mp-ver-e459135a/global/networks/mp-bb2e033c7a50-vpc]
google_compute_network.ingest: Destruction complete after 0s
google_kms_crypto_key.database: Destruction complete after 0s
google_storage_bucket_iam_member.archiver_write_audit: Destruction complete after 3s
google_storage_bucket.audit: Destroying... [id=mp-bb2e033c7a50-mp-ver-e459135a-audit]
google_storage_bucket.audit: Destruction complete after 1s
google_kms_crypto_key.audit: Destroying... [id=projects/mp-ver-e459135a/locations/us-central1/keyRings/mp-bb2e033c7a50-keyring/cryptoKeys/mp-bb2e033c7a50-audit-cmek]
google_kms_crypto_key.audit: Destruction complete after 0s
google_project_iam_member.api_cloudsql_client: Destruction complete after 6s
google_project_iam_member.relay_cloudsql_client: Destruction complete after 6s
google_project_iam_member.archiver_cloudsql_client: Destruction complete after 6s
google_project_iam_member.processor_datastore_user: Destruction complete after 6s
google_project_iam_member.api_datastore_viewer: Destruction complete after 6s
google_service_account.archiver: Destroying... [id=projects/mp-ver-e459135a/serviceAccounts/mp-bb2e033c7a50-archiver-sa@mp-ver-e459135a.iam.gserviceaccount.com]
google_service_account.processor: Destroying... [id=projects/mp-ver-e459135a/serviceAccounts/mp-bb2e033c7a50-processor-sa@mp-ver-e459135a.iam.gserviceaccount.com]
google_service_account.api: Destroying... [id=projects/mp-ver-e459135a/serviceAccounts/mp-bb2e033c7a50-api-sa@mp-ver-e459135a.iam.gserviceaccount.com]
google_service_account.archiver: Destruction complete after 0s
google_service_account.processor: Destruction complete after 0s
google_service_account.api: Destruction complete after 0s
google_pubsub_topic_iam_member.relay_publish_events: Destruction complete after 6s
google_service_account.relay: Destroying... [id=projects/mp-ver-e459135a/serviceAccounts/mp-bb2e033c7a50-relay-sa@mp-ver-e459135a.iam.gserviceaccount.com]
google_pubsub_topic.events: Destroying... [id=projects/mp-ver-e459135a/topics/mp-bb2e033c7a50-events]
google_service_account.relay: Destruction complete after 0s
google_pubsub_topic.events: Destruction complete after 0s
google_kms_crypto_key.messaging: Destroying... [id=projects/mp-ver-e459135a/locations/us-central1/keyRings/mp-bb2e033c7a50-keyring/cryptoKeys/mp-bb2e033c7a50-messaging-cmek]
google_kms_crypto_key.messaging: Destruction complete after 0s
google_kms_key_ring.mediapulse: Destroying... [id=projects/mp-ver-e459135a/locations/us-central1/keyRings/mp-bb2e033c7a50-keyring]
google_kms_key_ring.mediapulse: Destruction complete after 0s

Destroy complete! Resources: 67 destroyed.
MediaPulse Ingest resources destroyed.
